severity,reg_err_median,reg_err_mean,reg_err_p90,n
0.0,92.20740841313888,102.12540809372754,176.90231020167187,3363
1.0,92.27135578288106,103.05741160426227,179.80902273911627,3363
2.0,93.30834193588353,109.94842728814382,192.15664647433888,3363
3.0,94.39284944304886,121.36867260084779,203.7882054050996,3363
4.0,95.23594068409022,137.53915605561374,222.143417743458,3363
6.0,99.42918817324775,201.81487380565977,371.9376346037792,3363
8.0,107.5508775521854,285.37960831024543,1012.2102392910409,3363
