severity,reg_err_median,reg_err_mean,reg_err_p90,n
0.0,80.3730472066535,93.07578447875939,168.1850149476203,4182
1.0,79.85348255877194,92.83738593390352,167.319880291137,4182
2.0,81.9807225659149,101.50129336129726,179.94574593853167,4182
3.0,82.83019483967709,112.01202195498529,195.23933215124183,4182
4.0,84.6632145692794,127.92488042379537,210.1651782301976,4182
6.0,89.31803643704589,196.97626116213533,384.03327197856333,4182
8.0,99.67201234679428,302.6988960793079,1188.308881209549,4182
