severity,reg_err_median,reg_err_mean,reg_err_p90,n
0.0,1081.5027812200378,1336.3423569962833,2752.603231979385,4182
1.0,1084.987792659581,1336.7602096270964,2755.9924999435243,4182
2.0,1080.283585953984,1339.6766537336782,2774.319405441076,4182
3.0,1096.2746005982551,1347.4116385992809,2775.6632547439085,4182
4.0,1104.9543085762946,1353.9134494921777,2773.204862449585,4182
6.0,1161.397505997324,1403.435856570655,2790.630092768532,4182
8.0,1241.9416864422076,1475.885681186595,2858.9459481483727,4182
