severity,reg_err_median,reg_err_mean,reg_err_p90,n
0.0,100.82060095361538,114.15053329058762,204.75185206639748,4182
1.0,100.25582258100859,113.66966133121255,201.88482866279037,4182
2.0,101.62933281342671,120.22311164988515,215.66325016265208,4182
3.0,102.5110649432343,130.16134451548817,229.95777036123795,4182
4.0,103.0397999875056,144.43747513011547,241.0788014142612,4182
6.0,107.14692512052088,212.93637684429746,359.60426230431455,4182
8.0,116.02337465319637,322.4583288588183,1218.772723572899,4182
