severity,reg_err_median,reg_err_mean,reg_err_p90,n
0.0,1181.6914883749705,1290.7230122314909,2155.136640472354,3363
1.0,1179.8167326771893,1288.6018810378043,2153.5995209723596,3363
2.0,1184.0893279164677,1291.8447163527653,2170.7305709266902,3363
3.0,1180.7321801799628,1292.2481614182122,2180.53879029188,3363
4.0,1169.7911951672947,1297.4737963504137,2208.477755639706,3363
6.0,1190.9709376470473,1330.745934295169,2334.6436472296423,3363
8.0,1198.2532282661837,1378.6235866021277,2509.9213288417914,3363
