severity,reg_err_median,reg_err_mean,reg_err_p90,n
0.0,1259.0674186530405,1411.525825560199,2526.120484250279,3502
1.0,1254.5347284981651,1410.0582574104105,2514.969688966721,3502
2.0,1250.1635222269547,1404.184549912638,2503.816328908187,3502
3.0,1250.5794494528404,1405.0486699472656,2502.4653793810257,3502
4.0,1256.8334702371283,1410.2317749621827,2508.611271672541,3502
6.0,1294.942454964012,1451.4818248635393,2584.7839967015825,3502
8.0,1380.46242924123,1550.5294780748886,2808.7331815044367,3502
