severity,reg_err_median,reg_err_mean,reg_err_p90,n
0.0,1508.2600371885192,1640.1054412709489,3069.8384991086164,3363
1.0,1507.3531947484084,1639.3708721061032,3069.3788370466427,3363
2.0,1506.8137857763213,1639.2876605473557,3065.897290268134,3363
3.0,1509.4660217546862,1640.4347106865796,3066.1675029475346,3363
4.0,1502.3551262976375,1641.9380420242596,3068.0307554769097,3363
6.0,1542.4515759479534,1667.7060451641316,3096.831229621778,3363
8.0,1593.4740582896693,1711.5884587034254,3140.092606763775,3363
