severity,reg_err_median,reg_err_mean,reg_err_p90,n
0.0,1345.1190536119952,1706.5376408606865,3491.803479005996,4182
1.0,1345.8123939372326,1706.3850186363388,3484.2245157048474,4182
2.0,1343.8046586548962,1710.8730904339193,3483.6788221602405,4182
3.0,1345.5121360394714,1713.0877079741454,3477.5624846887113,4182
4.0,1343.4398491955178,1718.952288777942,3487.8511235852297,4182
6.0,1406.158369269124,1756.9199167955235,3469.9412706844873,4182
8.0,1498.0021501868007,1809.055875420588,3463.7015295324777,4182
