severity,reg_err_median,reg_err_mean,reg_err_p90,n
0.0,1185.9822762341898,1504.9924038201104,2738.4634938331496,3502
1.0,1183.4512334680308,1506.0027647147733,2740.880097387896,3502
2.0,1184.74270289282,1505.377146503474,2745.1915323363787,3502
3.0,1179.3784880999826,1507.844531076651,2747.8017199460655,3502
4.0,1189.5802800575161,1510.664459205054,2750.7056442775183,3502
6.0,1257.9160285867997,1553.964125403825,2760.175887319508,3502
8.0,1333.1849313092216,1633.9409558540285,2931.817909384661,3502
