severity,reg_err_median,reg_err_mean,reg_err_p90,n
0.0,87.1129360702735,100.43511955704662,176.54376366450788,3363
1.0,87.86606707723065,102.0069399038579,179.77843829622358,3363
2.0,88.42264727767358,112.41661400035292,199.22067785081163,3363
3.0,88.18554625857885,121.95175101323306,212.40663666675508,3363
4.0,89.45966902204913,138.05065226083923,234.21732470113858,3363
6.0,92.73289624090052,202.78336730736174,401.0086024934531,3363
8.0,102.45982304387633,288.92231272700485,1039.9842068303562,3363
