severity,reg_err_median,reg_err_mean,reg_err_p90,n
0.0,1028.6285661150448,1161.8682047482696,1927.626691064211,3363
1.0,1021.8980970054542,1161.450468031979,1925.05481888236,3363
2.0,1019.8924155771048,1164.0514204176902,1930.9624879989954,3363
3.0,1021.3545556408014,1167.222980148315,1943.1160420477793,3363
4.0,1025.8199223742747,1174.2954995635662,1977.3235895104758,3363
6.0,1057.797299914698,1211.3904437221067,2103.9431113848564,3363
8.0,1095.8853403957949,1263.1292061960926,2321.5209782637344,3363
