severity,reg_err_median,reg_err_mean,reg_err_p90,n
0.0,102.47145147348854,118.06959726127198,209.54172878861078,4182
1.0,102.93251773373751,118.13659073171998,209.12968916991034,4182
2.0,104.29281968209301,124.08300198077433,221.36449343520985,4182
3.0,105.84449963451908,132.36449648484677,230.54352800817742,4182
4.0,107.85402369904753,147.2501199469129,241.42964846361386,4182
6.0,114.28205854628274,215.52015282031988,376.57229130500957,4182
8.0,125.61353591255508,317.8959303244987,1191.004920242405,4182
