severity,reg_err_median,reg_err_mean,reg_err_p90,n
0.0,1311.0223080063226,1500.683738750547,2764.0793399798104,3363
1.0,1315.0676838195575,1498.9508626212605,2736.2074072863506,3363
2.0,1323.7998981347882,1501.161834825443,2741.93106916715,3363
3.0,1326.0238637411248,1502.352974403177,2742.3789388065984,3363
4.0,1324.9434150057396,1504.4332494822463,2753.096992630373,3363
6.0,1349.5601292557856,1536.8976126089449,2823.76819969123,3363
8.0,1371.9214656116665,1574.2141769615748,2974.4090379621875,3363
