severity,reg_err_median,reg_err_mean,reg_err_p90,n
0.0,122.47497877403174,135.1484453826005,234.27601381990644,4182
1.0,122.48440973060639,135.4388845534972,233.023859784709,4182
2.0,123.92832327113604,142.9088311729552,249.1157100885269,4182
3.0,126.41713734741305,153.1717683079604,260.70156639825404,4182
4.0,127.33649951802502,166.03233758170805,275.1136885541631,4182
6.0,133.3338974820488,231.43937988730653,404.4721381967396,4182
8.0,141.70667320409848,330.5681140110602,1099.0650411744277,4182
