severity,reg_err_median,reg_err_mean,reg_err_p90,n
0.0,1413.1794306570573,1588.0677456350056,2979.294777991198,3363
1.0,1406.5706426465943,1586.7683023959528,2975.3471845510203,3363
2.0,1411.6729096142622,1586.017940023934,2976.4696781965076,3363
3.0,1421.1591570050414,1588.535145540196,2977.4686728252154,3363
4.0,1430.3850292987474,1593.5928288082782,2978.9283986139994,3363
6.0,1475.9200702656767,1628.1063678114028,2985.6035668153695,3363
8.0,1541.487937097299,1685.1141995536989,3020.708388475209,3363
