experiment,method,chain_len,severity,seed,edge_band,gate,metric,value,runtime_s,n_edges,note
controlled,pairwise_chain,2,1,0,1,,terminal_err,53.57057006787895,8.200004231184721e-06,1,
controlled,global_adj,2,1,0,1,,terminal_err,53.57057006787904,0.00011449999874457717,1,
controlled,global_band,2,1,0,1,,terminal_err,53.57057006787904,7.979999645613134e-05,1,
controlled,global_full,2,1,0,1,,terminal_err,53.57057006787904,6.569999095518142e-05,1,
controlled,pairwise_chain,2,1,0,1,,mean_err,26.785285033939473,8.200004231184721e-06,1,
controlled,global_band,2,1,0,1,,mean_err,26.78528503393952,7.979999645613134e-05,1,
controlled,global_full,2,1,0,1,,mean_err,26.78528503393952,6.569999095518142e-05,1,
controlled,pairwise_chain,2,1,1,1,,terminal_err,20.54966821760815,5.299996701069176e-06,1,
controlled,global_adj,2,1,1,1,,terminal_err,20.549668217607927,8.199999865610152e-05,1,
controlled,global_band,2,1,1,1,,terminal_err,20.549668217607927,6.649999704677612e-05,1,
controlled,global_full,2,1,1,1,,terminal_err,20.549668217607927,5.9300000430084765e-05,1,
controlled,pairwise_chain,2,1,1,1,,mean_err,10.274834108804075,5.299996701069176e-06,1,
controlled,global_band,2,1,1,1,,mean_err,10.274834108803963,6.649999704677612e-05,1,
controlled,global_full,2,1,1,1,,mean_err,10.274834108803963,5.9300000430084765e-05,1,
controlled,pairwise_chain,2,1,2,1,,terminal_err,102.78003666714692,2.8999929782003164e-06,1,
controlled,global_adj,2,1,2,1,,terminal_err,102.78003666714869,6.629999552387744e-05,1,
controlled,global_band,2,1,2,1,,terminal_err,102.78003666714869,5.390000296756625e-05,1,
controlled,global_full,2,1,2,1,,terminal_err,102.78003666714869,5.1399998483248055e-05,1,
controlled,pairwise_chain,2,1,2,1,,mean_err,51.39001833357346,2.8999929782003164e-06,1,
controlled,global_band,2,1,2,1,,mean_err,51.390018333574346,5.390000296756625e-05,1,
controlled,global_full,2,1,2,1,,mean_err,51.390018333574346,5.1399998483248055e-05,1,
controlled,pairwise_chain,2,1,3,1,,terminal_err,55.33333772137457,2.7999922167509794e-06,1,
controlled,global_adj,2,1,3,1,,terminal_err,55.333337721375344,6.229999416973442e-05,1,
controlled,global_band,2,1,3,1,,terminal_err,55.333337721375344,5.18000015290454e-05,1,
controlled,global_full,2,1,3,1,,terminal_err,55.333337721375344,5.360000068321824e-05,1,
controlled,pairwise_chain,2,1,3,1,,mean_err,27.666668860687285,2.7999922167509794e-06,1,
controlled,global_band,2,1,3,1,,mean_err,27.666668860687672,5.18000015290454e-05,1,
controlled,global_full,2,1,3,1,,mean_err,27.666668860687672,5.360000068321824e-05,1,
controlled,pairwise_chain,2,1,4,1,,terminal_err,30.320753726201605,3.4999975468963385e-06,1,
controlled,global_adj,2,1,4,1,,terminal_err,30.320753726201715,7.6299998909235e-05,1,
controlled,global_band,2,1,4,1,,terminal_err,30.320753726201715,8.05000017862767e-05,1,
controlled,global_full,2,1,4,1,,terminal_err,30.320753726201715,7.759999425616115e-05,1,
controlled,pairwise_chain,2,1,4,1,,mean_err,15.160376863100803,3.4999975468963385e-06,1,
controlled,global_band,2,1,4,1,,mean_err,15.160376863100858,8.05000017862767e-05,1,
controlled,global_full,2,1,4,1,,mean_err,15.160376863100858,7.759999425616115e-05,1,
controlled,pairwise_chain,4,1,0,1,,terminal_err,61.35844061909601,6.300004315562546e-06,3,
controlled,global_adj,4,1,0,1,,terminal_err,61.35844061909717,0.00018650000856723636,3,
controlled,global_band,4,1,0,3,,terminal_err,27.054351285536985,0.00023950000468175858,6,
controlled,global_full,4,1,0,3,,terminal_err,27.054351285536985,0.00020500000391621143,6,
controlled,pairwise_chain,4,1,0,1,,mean_err,44.7517319876518,6.300004315562546e-06,3,
controlled,global_band,4,1,0,3,,mean_err,29.720667658948255,0.00023950000468175858,6,
controlled,global_full,4,1,0,3,,mean_err,29.720667658948255,0.00020500000391621143,6,
controlled,pairwise_chain,4,1,1,1,,terminal_err,62.0178947950506,4.8000074457377195e-06,3,
controlled,global_adj,4,1,1,1,,terminal_err,62.01789479505018,0.00012730000889860094,3,
controlled,global_band,4,1,1,3,,terminal_err,42.55143121230661,0.0002344999957131222,6,
controlled,global_full,4,1,1,3,,terminal_err,42.55143121230661,0.00019100001372862607,6,
controlled,pairwise_chain,4,1,1,1,,mean_err,37.42488231632573,4.8000074457377195e-06,3,
controlled,global_band,4,1,1,3,,mean_err,32.01796302995358,0.0002344999957131222,6,
controlled,global_full,4,1,1,3,,mean_err,32.01796302995358,0.00019100001372862607,6,
controlled,pairwise_chain,4,1,2,1,,terminal_err,61.9305883907836,4.2000028770416975e-06,3,
controlled,global_adj,4,1,2,1,,terminal_err,61.93058839078459,0.00011959999392274767,3,
controlled,global_band,4,1,2,3,,terminal_err,50.25010577519981,0.00017810000281315297,6,
controlled,global_full,4,1,2,3,,terminal_err,50.25010577519981,0.00017349999689031392,6,
controlled,pairwise_chain,4,1,2,1,,mean_err,42.06244531145077,4.2000028770416975e-06,3,
controlled,global_band,4,1,2,3,,mean_err,37.53424571483727,0.00017810000281315297,6,
controlled,global_full,4,1,2,3,,mean_err,37.53424571483727,0.00017349999689031392,6,
controlled,pairwise_chain,4,1,3,1,,terminal_err,77.10786655824343,3.9000005926936865e-06,3,
controlled,global_adj,4,1,3,1,,terminal_err,77.10786655825076,0.0001154000055976212,3,
controlled,global_band,4,1,3,3,,terminal_err,38.36749749242781,0.00017719999596010894,6,
controlled,global_full,4,1,3,3,,terminal_err,38.36749749242781,0.00017150001076515764,6,
controlled,pairwise_chain,4,1,3,1,,mean_err,43.39415023862399,3.9000005926936865e-06,3,
controlled,global_band,4,1,3,3,,mean_err,27.812875079877124,0.00017719999596010894,6,
controlled,global_full,4,1,3,3,,mean_err,27.812875079877124,0.00017150001076515764,6,
controlled,pairwise_chain,4,1,4,1,,terminal_err,43.50185447221703,4.799992893822491e-06,3,
controlled,global_adj,4,1,4,1,,terminal_err,43.50185447221972,0.00011919999087695032,3,
controlled,global_band,4,1,4,3,,terminal_err,11.01333868842896,0.00017939999816007912,6,
controlled,global_full,4,1,4,3,,terminal_err,11.01333868842896,0.00017889999435283244,6,
controlled,pairwise_chain,4,1,4,1,,mean_err,37.322677997993694,4.799992893822491e-06,3,
controlled,global_band,4,1,4,3,,mean_err,16.393924766715774,0.00017939999816007912,6,
controlled,global_full,4,1,4,3,,mean_err,16.393924766715774,0.00017889999435283244,6,
controlled,pairwise_chain,8,1,0,1,,terminal_err,60.04415253335758,6.200003554113209e-06,7,
controlled,global_adj,8,1,0,1,,terminal_err,60.04415253330681,0.00023070001043379307,7,
controlled,global_band,8,1,0,3,,terminal_err,50.6525026578404,0.0005092000064905733,18,
controlled,global_full,8,1,0,7,,terminal_err,27.393977176260247,0.001856600007158704,28,
controlled,pairwise_chain,8,1,0,1,,mean_err,49.95661770350625,6.200003554113209e-06,7,
controlled,global_band,8,1,0,3,,mean_err,42.9766270378477,0.0005092000064905733,18,
controlled,global_full,8,1,0,7,,mean_err,28.71184575229186,0.001856600007158704,28,
controlled,pairwise_chain,8,1,1,1,,terminal_err,75.99836559954542,7.299997378140688e-06,7,
controlled,global_adj,8,1,1,1,,terminal_err,75.99836559956873,0.0002480000111972913,7,
controlled,global_band,8,1,1,3,,terminal_err,24.275530116064697,0.000671899993903935,18,
controlled,global_full,8,1,1,7,,terminal_err,20.488228667379037,0.0008436000061919913,28,
controlled,pairwise_chain,8,1,1,1,,mean_err,58.52421125968548,7.299997378140688e-06,7,
controlled,global_band,8,1,1,3,,mean_err,54.91818031278734,0.000671899993903935,18,
controlled,global_full,8,1,1,7,,mean_err,54.67183268174762,0.0008436000061919913,28,
controlled,pairwise_chain,8,1,2,1,,terminal_err,78.36550784415287,6.299989763647318e-06,7,
controlled,global_adj,8,1,2,1,,terminal_err,78.36550784413761,0.00022869999520480633,7,
controlled,global_band,8,1,2,3,,terminal_err,57.77546027090028,0.0005574999959208071,18,
controlled,global_full,8,1,2,7,,terminal_err,42.38915857202355,0.0006896999984746799,28,
controlled,pairwise_chain,8,1,2,1,,mean_err,76.36105355935592,6.299989763647318e-06,7,
controlled,global_band,8,1,2,3,,mean_err,49.860339006330854,0.0005574999959208071,18,
controlled,global_full,8,1,2,7,,mean_err,40.64429909676812,0.0006896999984746799,28,
controlled,pairwise_chain,8,1,3,1,,terminal_err,93.74279662983112,6.900008884258568e-06,7,
controlled,global_adj,8,1,3,1,,terminal_err,93.7427966298412,0.000262100002146326,7,
controlled,global_band,8,1,3,3,,terminal_err,41.624098200850476,0.0007553999894298613,18,
controlled,global_full,8,1,3,7,,terminal_err,22.37805399244821,0.0011830000003101304,28,
controlled,pairwise_chain,8,1,3,1,,mean_err,60.5405547400116,6.900008884258568e-06,7,
controlled,global_band,8,1,3,3,,mean_err,31.011086987451332,0.0007553999894298613,18,
controlled,global_full,8,1,3,7,,mean_err,26.878283102344206,0.0011830000003101304,28,
controlled,pairwise_chain,8,1,4,1,,terminal_err,113.43935835109188,8.000002708286047e-06,7,
controlled,global_adj,8,1,4,1,,terminal_err,113.43935835108951,0.00024500000290572643,7,
controlled,global_band,8,1,4,3,,terminal_err,55.66950002590901,0.00048800000513438135,18,
controlled,global_full,8,1,4,7,,terminal_err,42.27323798827064,0.0007733999955235049,28,
controlled,pairwise_chain,8,1,4,1,,mean_err,63.421042725543415,8.000002708286047e-06,7,
controlled,global_band,8,1,4,3,,mean_err,34.49809368714318,0.00048800000513438135,18,
controlled,global_full,8,1,4,7,,mean_err,27.97996658684351,0.0007733999955235049,28,
controlled,pairwise_chain,12,1,0,1,,terminal_err,53.95536875802854,7.499998901039362e-06,11,
controlled,global_adj,12,1,0,1,,terminal_err,53.95536875801029,0.0003487000067252666,11,
controlled,global_band,12,1,0,3,,terminal_err,38.996580392740945,0.0007546999986516312,30,
controlled,global_full,12,1,0,11,,terminal_err,36.354622274941896,0.0018471999937901273,66,
controlled,pairwise_chain,12,1,0,1,,mean_err,46.29260673603317,7.499998901039362e-06,11,
controlled,global_band,12,1,0,3,,mean_err,45.18291500945537,0.0007546999986516312,30,
controlled,global_full,12,1,0,11,,mean_err,39.84341146077138,0.0018471999937901273,66,
controlled,pairwise_chain,12,1,1,1,,terminal_err,86.46199272045918,1.1199997970834374e-05,11,
controlled,global_adj,12,1,1,1,,terminal_err,86.4619927204651,0.00035599998955149204,11,
controlled,global_band,12,1,1,3,,terminal_err,40.18423488129933,0.000774300002376549,30,
controlled,global_full,12,1,1,11,,terminal_err,40.767929563572295,0.0015545999922323972,66,
controlled,pairwise_chain,12,1,1,1,,mean_err,82.52665199193736,1.1199997970834374e-05,11,
controlled,global_band,12,1,1,3,,mean_err,38.01109200430246,0.000774300002376549,30,
controlled,global_full,12,1,1,11,,mean_err,30.952656932694897,0.0015545999922323972,66,
controlled,pairwise_chain,12,1,2,1,,terminal_err,148.94019933825592,6.599992047995329e-06,11,
controlled,global_adj,12,1,2,1,,terminal_err,148.94019933826573,0.0003313999914098531,11,
controlled,global_band,12,1,2,3,,terminal_err,29.282613117482274,0.0007603999983984977,30,
controlled,global_full,12,1,2,11,,terminal_err,11.271242258382653,0.0015903000021353364,66,
controlled,pairwise_chain,12,1,2,1,,mean_err,106.7237124459735,6.599992047995329e-06,11,
controlled,global_band,12,1,2,3,,mean_err,49.5366574868875,0.0007603999983984977,30,
controlled,global_full,12,1,2,11,,mean_err,40.502154976818744,0.0015903000021353364,66,
controlled,pairwise_chain,12,1,3,1,,terminal_err,45.59580196009239,1.069999416358769e-05,11,
controlled,global_adj,12,1,3,1,,terminal_err,45.59580196012148,0.0004287000047042966,11,
controlled,global_band,12,1,3,3,,terminal_err,39.036663956606105,0.0008347999973921105,30,
controlled,global_full,12,1,3,11,,terminal_err,40.57671105663988,0.001698499996564351,66,
controlled,pairwise_chain,12,1,3,1,,mean_err,56.353455592687205,1.069999416358769e-05,11,
controlled,global_band,12,1,3,3,,mean_err,28.126696249780647,0.0008347999973921105,30,
controlled,global_full,12,1,3,11,,mean_err,32.25264169395475,0.001698499996564351,66,
controlled,pairwise_chain,12,1,4,1,,terminal_err,79.06264150771648,7.199996616691351e-06,11,
controlled,global_adj,12,1,4,1,,terminal_err,79.06264150773438,0.0003687999997055158,11,
controlled,global_band,12,1,4,3,,terminal_err,75.04438830506906,0.0009247999987564981,30,
controlled,global_full,12,1,4,11,,terminal_err,38.492575196674274,0.0018561999895609915,66,
controlled,pairwise_chain,12,1,4,1,,mean_err,62.21302480605726,7.199996616691351e-06,11,
controlled,global_band,12,1,4,3,,mean_err,48.85984788742065,0.0009247999987564981,30,
controlled,global_full,12,1,4,11,,mean_err,38.17820833510231,0.0018561999895609915,66,
controlled,pairwise_chain,2,3,0,1,,terminal_err,66.07285153800812,3.7999998312443495e-06,1,
controlled,global_adj,2,3,0,1,,terminal_err,66.07285153801033,8.55999969644472e-05,1,
controlled,global_band,2,3,0,1,,terminal_err,66.07285153801033,5.630000669043511e-05,1,
controlled,global_full,2,3,0,1,,terminal_err,66.07285153801033,5.099999543745071e-05,1,
controlled,pairwise_chain,2,3,0,1,,mean_err,33.03642576900406,3.7999998312443495e-06,1,
controlled,global_band,2,3,0,1,,mean_err,33.03642576900516,5.630000669043511e-05,1,
controlled,global_full,2,3,0,1,,mean_err,33.03642576900516,5.099999543745071e-05,1,
controlled,pairwise_chain,2,3,1,1,,terminal_err,187.72460285062056,3.9000005926936865e-06,1,
controlled,global_adj,2,3,1,1,,terminal_err,187.7246028506204,7.940000796224922e-05,1,
controlled,global_band,2,3,1,1,,terminal_err,187.7246028506204,5.990000499878079e-05,1,
controlled,global_full,2,3,1,1,,terminal_err,187.7246028506204,5.339999916031957e-05,1,
controlled,pairwise_chain,2,3,1,1,,mean_err,93.86230142531028,3.9000005926936865e-06,1,
controlled,global_band,2,3,1,1,,mean_err,93.8623014253102,5.990000499878079e-05,1,
controlled,global_full,2,3,1,1,,mean_err,93.8623014253102,5.339999916031957e-05,1,
controlled,pairwise_chain,2,3,2,1,,terminal_err,110.5464109477281,3.7999998312443495e-06,1,
controlled,global_adj,2,3,2,1,,terminal_err,110.54641094772805,8.100000559352338e-05,1,
controlled,global_band,2,3,2,1,,terminal_err,110.54641094772805,6.390000635292381e-05,1,
controlled,global_full,2,3,2,1,,terminal_err,110.54641094772805,5.869999586138874e-05,1,
controlled,pairwise_chain,2,3,2,1,,mean_err,55.27320547386405,3.7999998312443495e-06,1,
controlled,global_band,2,3,2,1,,mean_err,55.273205473864024,6.390000635292381e-05,1,
controlled,global_full,2,3,2,1,,mean_err,55.273205473864024,5.869999586138874e-05,1,
controlled,pairwise_chain,2,3,3,1,,terminal_err,106.88920216521565,3.3999967854470015e-06,1,
controlled,global_adj,2,3,3,1,,terminal_err,106.88920216521562,7.539999205619097e-05,1,
controlled,global_band,2,3,3,1,,terminal_err,106.88920216521562,5.669999518431723e-05,1,
controlled,global_full,2,3,3,1,,terminal_err,106.88920216521562,5.280000914353877e-05,1,
controlled,pairwise_chain,2,3,3,1,,mean_err,53.444601082607825,3.3999967854470015e-06,1,
controlled,global_band,2,3,3,1,,mean_err,53.44460108260781,5.669999518431723e-05,1,
controlled,global_full,2,3,3,1,,mean_err,53.44460108260781,5.280000914353877e-05,1,
controlled,pairwise_chain,2,3,4,1,,terminal_err,77.26663310075112,3.7999998312443495e-06,1,
controlled,global_adj,2,3,4,1,,terminal_err,77.26663310075156,8.22000001790002e-05,1,
controlled,global_band,2,3,4,1,,terminal_err,77.26663310075156,5.5199998314492404e-05,1,
controlled,global_full,2,3,4,1,,terminal_err,77.26663310075156,5.129999772179872e-05,1,
controlled,pairwise_chain,2,3,4,1,,mean_err,38.63331655037556,3.7999998312443495e-06,1,
controlled,global_band,2,3,4,1,,mean_err,38.63331655037578,5.5199998314492404e-05,1,
controlled,global_full,2,3,4,1,,mean_err,38.63331655037578,5.129999772179872e-05,1,
controlled,pairwise_chain,4,3,0,1,,terminal_err,194.70972611028495,4.0000013541430235e-06,3,
controlled,global_adj,4,3,0,1,,terminal_err,194.70972611028407,0.0001309000072069466,3,
controlled,global_band,4,3,0,3,,terminal_err,56.90580921864151,0.0001942999952007085,6,
controlled,global_full,4,3,0,3,,terminal_err,56.90580921864151,0.00019019999308511615,6,
controlled,pairwise_chain,4,3,0,1,,mean_err,112.2971059950195,4.0000013541430235e-06,3,
controlled,global_band,4,3,0,3,,mean_err,52.99043476287812,0.0001942999952007085,6,
controlled,global_full,4,3,0,3,,mean_err,52.99043476287812,0.00019019999308511615,6,
controlled,pairwise_chain,4,3,1,1,,terminal_err,84.78127661674952,4.9000082071870565e-06,3,
controlled,global_adj,4,3,1,1,,terminal_err,84.78127661675005,0.00012549999519251287,3,
controlled,global_band,4,3,1,3,,terminal_err,60.383692611817395,0.00019880000036209822,6,
controlled,global_full,4,3,1,3,,terminal_err,60.383692611817395,0.00017529999604448676,6,
controlled,pairwise_chain,4,3,1,1,,mean_err,59.183922823622716,4.9000082071870565e-06,3,
controlled,global_band,4,3,1,3,,mean_err,38.72492826790014,0.00019880000036209822,6,
controlled,global_full,4,3,1,3,,mean_err,38.72492826790014,0.00017529999604448676,6,
controlled,pairwise_chain,4,3,2,1,,terminal_err,100.21493557490871,6.600006599910557e-06,3,
controlled,global_adj,4,3,2,1,,terminal_err,100.21493557490835,0.00017970000044442713,3,
controlled,global_band,4,3,2,3,,terminal_err,22.08066873841643,0.00024899998970795423,6,
controlled,global_full,4,3,2,3,,terminal_err,22.08066873841643,0.00022649999300483614,6,
controlled,pairwise_chain,4,3,2,1,,mean_err,60.32801192423232,6.600006599910557e-06,3,
controlled,global_band,4,3,2,3,,mean_err,36.82728421680534,0.00024899998970795423,6,
controlled,global_full,4,3,2,3,,mean_err,36.82728421680534,0.00022649999300483614,6,
controlled,pairwise_chain,4,3,3,1,,terminal_err,83.59110020950241,4.799992893822491e-06,3,
controlled,global_adj,4,3,3,1,,terminal_err,83.59110020949848,0.00012740000966005027,3,
controlled,global_band,4,3,3,3,,terminal_err,50.963379927194495,0.00019809999503195286,6,
controlled,global_full,4,3,3,3,,terminal_err,50.963379927194495,0.00018139999883715063,6,
controlled,pairwise_chain,4,3,3,1,,mean_err,60.45108130553723,4.799992893822491e-06,3,
controlled,global_band,4,3,3,3,,mean_err,37.04586695171652,0.00019809999503195286,6,
controlled,global_full,4,3,3,3,,mean_err,37.04586695171652,0.00018139999883715063,6,
controlled,pairwise_chain,4,3,4,1,,terminal_err,257.61134480367116,4.0000013541430235e-06,3,
controlled,global_adj,4,3,4,1,,terminal_err,257.6113448036722,0.0001866000093286857,3,
controlled,global_band,4,3,4,3,,terminal_err,114.0312747076289,0.00023200000578071922,6,
controlled,global_full,4,3,4,3,,terminal_err,114.0312747076289,0.00022230000467970967,6,
controlled,pairwise_chain,4,3,4,1,,mean_err,141.3734327162643,4.0000013541430235e-06,3,
controlled,global_band,4,3,4,3,,mean_err,66.22018800381427,0.00023200000578071922,6,
controlled,global_full,4,3,4,3,,mean_err,66.22018800381427,0.00022230000467970967,6,
controlled,pairwise_chain,8,3,0,1,,terminal_err,417.39300897903325,5.89998671784997e-06,7,
controlled,global_adj,8,3,0,1,,terminal_err,417.39300897903377,0.00024480000138282776,7,
controlled,global_band,8,3,0,3,,terminal_err,79.63368969766618,0.0004726999904960394,18,
controlled,global_full,8,3,0,7,,terminal_err,28.24624835423905,0.0007987999997567385,28,
controlled,pairwise_chain,8,3,0,1,,mean_err,262.6312405752194,5.89998671784997e-06,7,
controlled,global_band,8,3,0,3,,mean_err,107.23935728264794,0.0004726999904960394,18,
controlled,global_full,8,3,0,7,,mean_err,47.25112212474657,0.0007987999997567385,28,
controlled,pairwise_chain,8,3,1,1,,terminal_err,197.90128045346336,9.2999980552122e-06,7,
controlled,global_adj,8,3,1,1,,terminal_err,197.90128045346606,0.00038640000275336206,7,
controlled,global_band,8,3,1,3,,terminal_err,96.67920538451712,0.0006253000028664246,18,
controlled,global_full,8,3,1,7,,terminal_err,69.40281152743675,0.0007621999975526705,28,
controlled,pairwise_chain,8,3,1,1,,mean_err,120.57821092301724,9.2999980552122e-06,7,
controlled,global_band,8,3,1,3,,mean_err,74.9684468497101,0.0006253000028664246,18,
controlled,global_full,8,3,1,7,,mean_err,53.833962489934194,0.0007621999975526705,28,
controlled,pairwise_chain,8,3,2,1,,terminal_err,297.87890250513624,6.400005077011883e-06,7,
controlled,global_adj,8,3,2,1,,terminal_err,297.87890250514414,0.00022780000290367752,7,
controlled,global_band,8,3,2,3,,terminal_err,78.81531232266875,0.0005489000031957403,18,
controlled,global_full,8,3,2,7,,terminal_err,65.68764298603072,0.0007322000019485131,28,
controlled,pairwise_chain,8,3,2,1,,mean_err,176.76722939677336,6.400005077011883e-06,7,
controlled,global_band,8,3,2,3,,mean_err,61.624937859645705,0.0005489000031957403,18,
controlled,global_full,8,3,2,7,,mean_err,50.756861705880894,0.0007322000019485131,28,
controlled,pairwise_chain,8,3,3,1,,terminal_err,206.04946481647968,8.700008038431406e-06,7,
controlled,global_adj,8,3,3,1,,terminal_err,206.04946481648298,0.0002480999974068254,7,
controlled,global_band,8,3,3,3,,terminal_err,83.64720017632696,0.000559899999643676,18,
controlled,global_full,8,3,3,7,,terminal_err,39.26622023643298,0.0006872000085422769,28,
controlled,pairwise_chain,8,3,3,1,,mean_err,145.7746071007071,8.700008038431406e-06,7,
controlled,global_band,8,3,3,3,,mean_err,61.2708878170111,0.000559899999643676,18,
controlled,global_full,8,3,3,7,,mean_err,38.712278386600346,0.0006872000085422769,28,
controlled,pairwise_chain,8,3,4,1,,terminal_err,374.27595050777825,5.599998985417187e-06,7,
controlled,global_adj,8,3,4,1,,terminal_err,374.2759505077838,0.00023450001026503742,7,
controlled,global_band,8,3,4,3,,terminal_err,87.59986630608113,0.0006014999962644652,18,
controlled,global_full,8,3,4,7,,terminal_err,41.41066520665045,0.0008603000023867935,28,
controlled,pairwise_chain,8,3,4,1,,mean_err,220.6773424828073,5.599998985417187e-06,7,
controlled,global_band,8,3,4,3,,mean_err,59.582809608131925,0.0006014999962644652,18,
controlled,global_full,8,3,4,7,,mean_err,43.263818166028365,0.0008603000023867935,28,
controlled,pairwise_chain,12,3,0,1,,terminal_err,234.18076256132593,6.800008122809231e-06,11,
controlled,global_adj,12,3,0,1,,terminal_err,234.18076256131786,0.0003466000052867457,11,
controlled,global_band,12,3,0,3,,terminal_err,82.6595587437038,0.0009227999980794266,30,
controlled,global_full,12,3,0,11,,terminal_err,55.94671666024303,0.0017111000051954761,66,
controlled,pairwise_chain,12,3,0,1,,mean_err,121.8794900287405,6.800008122809231e-06,11,
controlled,global_band,12,3,0,3,,mean_err,71.01743307726188,0.0009227999980794266,30,
controlled,global_full,12,3,0,11,,mean_err,47.20452924026739,0.0017111000051954761,66,
controlled,pairwise_chain,12,3,1,1,,terminal_err,311.09089743913364,8.400005754083395e-06,11,
controlled,global_adj,12,3,1,1,,terminal_err,311.0908974391293,0.00039879999530967325,11,
controlled,global_band,12,3,1,3,,terminal_err,235.27925876834323,0.0008917999948607758,30,
controlled,global_full,12,3,1,11,,terminal_err,107.94806305371394,0.002857900006347336,66,
controlled,pairwise_chain,12,3,1,1,,mean_err,160.73917932900142,8.400005754083395e-06,11,
controlled,global_band,12,3,1,3,,mean_err,145.22080293946087,0.0008917999948607758,30,
controlled,global_full,12,3,1,11,,mean_err,78.01603757065915,0.002857900006347336,66,
controlled,pairwise_chain,12,3,2,1,,terminal_err,317.6211020563566,9.399998816661537e-06,11,
controlled,global_adj,12,3,2,1,,terminal_err,317.62110205635395,0.0007419000030495226,11,
controlled,global_band,12,3,2,3,,terminal_err,104.97975620557443,0.0015306999994209036,30,
controlled,global_full,12,3,2,11,,terminal_err,65.36384448131216,0.0019357999990461394,66,
controlled,pairwise_chain,12,3,2,1,,mean_err,185.4295463756699,9.399998816661537e-06,11,
controlled,global_band,12,3,2,3,,mean_err,79.17247899792102,0.0015306999994209036,30,
controlled,global_full,12,3,2,11,,mean_err,59.022429364427744,0.0019357999990461394,66,
controlled,pairwise_chain,12,3,3,1,,terminal_err,134.12398802868836,8.100003469735384e-06,11,
controlled,global_adj,12,3,3,1,,terminal_err,134.1239880287065,0.0003617999900598079,11,
controlled,global_band,12,3,3,3,,terminal_err,250.8081318861325,0.0012858999980380759,30,
controlled,global_full,12,3,3,11,,terminal_err,59.38528713921767,0.0018424000008963048,66,
controlled,pairwise_chain,12,3,3,1,,mean_err,89.63111818576836,8.100003469735384e-06,11,
controlled,global_band,12,3,3,3,,mean_err,127.61594821038493,0.0012858999980380759,30,
controlled,global_full,12,3,3,11,,mean_err,53.095062079805295,0.0018424000008963048,66,
controlled,pairwise_chain,12,3,4,1,,terminal_err,179.4512511611217,9.300012607127428e-06,11,
controlled,global_adj,12,3,4,1,,terminal_err,179.45125116111575,0.0007595000060973689,11,
controlled,global_band,12,3,4,3,,terminal_err,119.93635979760761,0.0013694999943254516,30,
controlled,global_full,12,3,4,11,,terminal_err,61.73393028022625,0.0022404000046662986,66,
controlled,pairwise_chain,12,3,4,1,,mean_err,112.46331114123927,9.300012607127428e-06,11,
controlled,global_band,12,3,4,3,,mean_err,108.38636687000121,0.0013694999943254516,30,
controlled,global_full,12,3,4,11,,mean_err,48.26611541577825,0.0022404000046662986,66,
controlled,pairwise_chain,2,5,0,1,,terminal_err,210.7002715138057,6.700007361359894e-06,1,
controlled,global_adj,2,5,0,1,,terminal_err,210.70027151380467,0.00014050000754650682,1,
controlled,global_band,2,5,0,1,,terminal_err,210.70027151380467,8.33000085549429e-05,1,
controlled,global_full,2,5,0,1,,terminal_err,210.70027151380467,6.979999307077378e-05,1,
controlled,pairwise_chain,2,5,0,1,,mean_err,105.35013575690284,6.700007361359894e-06,1,
controlled,global_band,2,5,0,1,,mean_err,105.35013575690233,8.33000085549429e-05,1,
controlled,global_full,2,5,0,1,,mean_err,105.35013575690233,6.979999307077378e-05,1,
controlled,pairwise_chain,2,5,1,1,,terminal_err,91.36916897438716,3.4999975468963385e-06,1,
controlled,global_adj,2,5,1,1,,terminal_err,91.36916897438772,7.160000677686185e-05,1,
controlled,global_band,2,5,1,1,,terminal_err,91.36916897438772,5.7600002037361264e-05,1,
controlled,global_full,2,5,1,1,,terminal_err,91.36916897438772,5.2400006097741425e-05,1,
controlled,pairwise_chain,2,5,1,1,,mean_err,45.68458448719358,3.4999975468963385e-06,1,
controlled,global_band,2,5,1,1,,mean_err,45.68458448719386,5.7600002037361264e-05,1,
controlled,global_full,2,5,1,1,,mean_err,45.68458448719386,5.2400006097741425e-05,1,
controlled,pairwise_chain,2,5,2,1,,terminal_err,77.54553845984421,4.699992132373154e-06,1,
controlled,global_adj,2,5,2,1,,terminal_err,77.54553845984493,0.00010230000771116465,1,
controlled,global_band,2,5,2,1,,terminal_err,77.54553845984493,7.480000203941017e-05,1,
controlled,global_full,2,5,2,1,,terminal_err,77.54553845984493,6.179999036248773e-05,1,
controlled,pairwise_chain,2,5,2,1,,mean_err,38.772769229922105,4.699992132373154e-06,1,
controlled,global_band,2,5,2,1,,mean_err,38.77276922992247,7.480000203941017e-05,1,
controlled,global_full,2,5,2,1,,mean_err,38.77276922992247,6.179999036248773e-05,1,
controlled,pairwise_chain,2,5,3,1,,terminal_err,190.1204585726167,3.4999975468963385e-06,1,
controlled,global_adj,2,5,3,1,,terminal_err,190.1204585726176,6.459999713115394e-05,1,
controlled,global_band,2,5,3,1,,terminal_err,190.1204585726176,5.499999679159373e-05,1,
controlled,global_full,2,5,3,1,,terminal_err,190.1204585726176,6.370000483002514e-05,1,
controlled,pairwise_chain,2,5,3,1,,mean_err,95.06022928630836,3.4999975468963385e-06,1,
controlled,global_band,2,5,3,1,,mean_err,95.0602292863088,5.499999679159373e-05,1,
controlled,global_full,2,5,3,1,,mean_err,95.0602292863088,6.370000483002514e-05,1,
controlled,pairwise_chain,2,5,4,1,,terminal_err,119.43076260409875,3.0999945010989904e-06,1,
controlled,global_adj,2,5,4,1,,terminal_err,119.43076260409877,6.249999569263309e-05,1,
controlled,global_band,2,5,4,1,,terminal_err,119.43076260409877,5.299999611452222e-05,1,
controlled,global_full,2,5,4,1,,terminal_err,119.43076260409877,5.0700007705017924e-05,1,
controlled,pairwise_chain,2,5,4,1,,mean_err,59.71538130204937,3.0999945010989904e-06,1,
controlled,global_band,2,5,4,1,,mean_err,59.71538130204939,5.299999611452222e-05,1,
controlled,global_full,2,5,4,1,,mean_err,59.71538130204939,5.0700007705017924e-05,1,
controlled,pairwise_chain,4,5,0,1,,terminal_err,247.74733510446012,4.1000021155923605e-06,3,
controlled,global_adj,4,5,0,1,,terminal_err,247.74733510445833,0.00012169999536126852,3,
controlled,global_band,4,5,0,3,,terminal_err,61.96318205117525,0.00018259999342262745,6,
controlled,global_full,4,5,0,3,,terminal_err,61.96318205117525,0.00017640000442042947,6,
controlled,pairwise_chain,4,5,0,1,,mean_err,171.64733308677384,4.1000021155923605e-06,3,
controlled,global_band,4,5,0,3,,mean_err,72.55180543172409,0.00018259999342262745,6,
controlled,global_full,4,5,0,3,,mean_err,72.55180543172409,0.00017640000442042947,6,
controlled,pairwise_chain,4,5,1,1,,terminal_err,168.29486904866513,5.199995939619839e-06,3,
controlled,global_adj,4,5,1,1,,terminal_err,168.29486904866542,0.00012879999121651053,3,
controlled,global_band,4,5,1,3,,terminal_err,144.53792329142883,0.00018229999113827944,6,
controlled,global_full,4,5,1,3,,terminal_err,144.53792329142883,0.00017780000052880496,6,
controlled,pairwise_chain,4,5,1,1,,mean_err,146.47431234022952,5.199995939619839e-06,3,
controlled,global_band,4,5,1,3,,mean_err,75.01826325109869,0.00018229999113827944,6,
controlled,global_full,4,5,1,3,,mean_err,75.01826325109869,0.00017780000052880496,6,
controlled,pairwise_chain,4,5,2,1,,terminal_err,103.07275505892942,4.699992132373154e-06,3,
controlled,global_adj,4,5,2,1,,terminal_err,103.07275505893047,0.00013440000475384295,3,
controlled,global_band,4,5,2,3,,terminal_err,130.8186927644009,0.00019500000053085387,6,
controlled,global_full,4,5,2,3,,terminal_err,130.8186927644009,0.00019039999460801482,6,
controlled,pairwise_chain,4,5,2,1,,mean_err,113.22269551493531,4.699992132373154e-06,3,
controlled,global_band,4,5,2,3,,mean_err,91.81422791708096,0.00019500000053085387,6,
controlled,global_full,4,5,2,3,,mean_err,91.81422791708096,0.00019039999460801482,6,
controlled,pairwise_chain,4,5,3,1,,terminal_err,127.16928513105512,6.89999433234334e-06,3,
controlled,global_adj,4,5,3,1,,terminal_err,127.16928513105448,0.00025240000104531646,3,
controlled,global_band,4,5,3,3,,terminal_err,95.25147652395748,0.00042039999971166253,6,
controlled,global_full,4,5,3,3,,terminal_err,95.25147652395748,0.00048430000606458634,6,
controlled,pairwise_chain,4,5,3,1,,mean_err,90.6763382932833,6.89999433234334e-06,3,
controlled,global_band,4,5,3,3,,mean_err,60.46620661032687,0.00042039999971166253,6,
controlled,global_full,4,5,3,3,,mean_err,60.46620661032687,0.00048430000606458634,6,
controlled,pairwise_chain,4,5,4,1,,terminal_err,98.27546522706541,2.0699997548945248e-05,3,
controlled,global_adj,4,5,4,1,,terminal_err,98.27546522706622,0.0001630000042496249,3,
controlled,global_band,4,5,4,3,,terminal_err,87.48667235230056,0.00019339998834766448,6,
controlled,global_full,4,5,4,3,,terminal_err,87.48667235230056,0.00019779999274760485,6,
controlled,pairwise_chain,4,5,4,1,,mean_err,60.69480347300319,2.0699997548945248e-05,3,
controlled,global_band,4,5,4,3,,mean_err,68.26346472936405,0.00019339998834766448,6,
controlled,global_full,4,5,4,3,,mean_err,68.26346472936405,0.00019779999274760485,6,
controlled,pairwise_chain,8,5,0,1,,terminal_err,217.9395782316672,5.800000508315861e-06,7,
controlled,global_adj,8,5,0,1,,terminal_err,217.93957823165374,0.00022650000755675137,7,
controlled,global_band,8,5,0,3,,terminal_err,188.79118904759977,0.0006271000020205975,18,
controlled,global_full,8,5,0,7,,terminal_err,164.85970511860683,0.0006981000042287633,28,
controlled,pairwise_chain,8,5,0,1,,mean_err,131.15703944784067,5.800000508315861e-06,7,
controlled,global_band,8,5,0,3,,mean_err,109.89489020855746,0.0006271000020205975,18,
controlled,global_full,8,5,0,7,,mean_err,111.92942153798438,0.0006981000042287633,28,
controlled,pairwise_chain,8,5,1,1,,terminal_err,321.9386468215689,5.800000508315861e-06,7,
controlled,global_adj,8,5,1,1,,terminal_err,321.93864682157266,0.00022459999308921397,7,
controlled,global_band,8,5,1,3,,terminal_err,214.46775932372836,0.00047759999870322645,18,
controlled,global_full,8,5,1,7,,terminal_err,143.5018917332044,0.0008747000101720914,28,
controlled,pairwise_chain,8,5,1,1,,mean_err,178.60984439651537,5.800000508315861e-06,7,
controlled,global_band,8,5,1,3,,mean_err,133.94074053379538,0.00047759999870322645,18,
controlled,global_full,8,5,1,7,,mean_err,70.27843050828048,0.0008747000101720914,28,
controlled,pairwise_chain,8,5,2,1,,terminal_err,442.00759705000485,6.89999433234334e-06,7,
controlled,global_adj,8,5,2,1,,terminal_err,442.0075970500143,0.00024649999977555126,7,
controlled,global_band,8,5,2,3,,terminal_err,147.89575320096384,0.0004944999964209273,18,
controlled,global_full,8,5,2,7,,terminal_err,84.9487491728618,0.0006939000013517216,28,
controlled,pairwise_chain,8,5,2,1,,mean_err,254.06644694278293,6.89999433234334e-06,7,
controlled,global_band,8,5,2,3,,mean_err,156.74102823943213,0.0004944999964209273,18,
controlled,global_full,8,5,2,7,,mean_err,86.43706193089335,0.0006939000013517216,28,
controlled,pairwise_chain,8,5,3,1,,terminal_err,231.13215866995546,6.200003554113209e-06,7,
controlled,global_adj,8,5,3,1,,terminal_err,231.13215866997604,0.00022780000290367752,7,
controlled,global_band,8,5,3,3,,terminal_err,103.07764146707765,0.0004715999966720119,18,
controlled,global_full,8,5,3,7,,terminal_err,31.64651356433561,0.0006946000066818669,28,
controlled,pairwise_chain,8,5,3,1,,mean_err,149.26886253791199,6.200003554113209e-06,7,
controlled,global_band,8,5,3,3,,mean_err,71.2484250272517,0.0004715999966720119,18,
controlled,global_full,8,5,3,7,,mean_err,61.057028018183544,0.0006946000066818669,28,
controlled,pairwise_chain,8,5,4,1,,terminal_err,123.68321134848694,6.100002792663872e-06,7,
controlled,global_adj,8,5,4,1,,terminal_err,123.68321134849914,0.0002356000040890649,7,
controlled,global_band,8,5,4,3,,terminal_err,169.57510243455636,0.0004746999911731109,18,
controlled,global_full,8,5,4,7,,terminal_err,59.64133443989476,0.0007010999979684129,28,
controlled,pairwise_chain,8,5,4,1,,mean_err,188.34296415725515,6.100002792663872e-06,7,
controlled,global_band,8,5,4,3,,mean_err,142.32230412807854,0.0004746999911731109,18,
controlled,global_full,8,5,4,7,,mean_err,104.47972597088992,0.0007010999979684129,28,
controlled,pairwise_chain,12,5,0,1,,terminal_err,296.85979294249523,1.0500007192604244e-05,11,
controlled,global_adj,12,5,0,1,,terminal_err,296.85979294249523,0.0005551000067498535,11,
controlled,global_band,12,5,0,3,,terminal_err,293.87855647362085,0.001294800007599406,30,
controlled,global_full,12,5,0,11,,terminal_err,56.88131035345034,0.0018243999948026612,66,
controlled,pairwise_chain,12,5,0,1,,mean_err,285.53470965373185,1.0500007192604244e-05,11,
controlled,global_band,12,5,0,3,,mean_err,225.81549290664375,0.001294800007599406,30,
controlled,global_full,12,5,0,11,,mean_err,90.99003421237428,0.0018243999948026612,66,
controlled,pairwise_chain,12,5,1,1,,terminal_err,632.8074884272862,7.90000194683671e-06,11,
controlled,global_adj,12,5,1,1,,terminal_err,632.8074884273001,0.0003367000026628375,11,
controlled,global_band,12,5,1,3,,terminal_err,143.0089168219787,0.0008329000120284036,30,
controlled,global_full,12,5,1,11,,terminal_err,92.68885936958011,0.001712600002065301,66,
controlled,pairwise_chain,12,5,1,1,,mean_err,321.67416393180105,7.90000194683671e-06,11,
controlled,global_band,12,5,1,3,,mean_err,150.56622709108066,0.0008329000120284036,30,
controlled,global_full,12,5,1,11,,mean_err,107.89842110689699,0.001712600002065301,66,
controlled,pairwise_chain,12,5,2,1,,terminal_err,547.2231771066305,1.1799987987615168e-05,11,
controlled,global_adj,12,5,2,1,,terminal_err,547.2231771066392,0.0003555000002961606,11,
controlled,global_band,12,5,2,3,,terminal_err,115.32555780056018,0.0008150000066962093,30,
controlled,global_full,12,5,2,11,,terminal_err,61.642422898513246,0.001638499990804121,66,
controlled,pairwise_chain,12,5,2,1,,mean_err,259.97368067955114,1.1799987987615168e-05,11,
controlled,global_band,12,5,2,3,,mean_err,136.83553967104623,0.0008150000066962093,30,
controlled,global_full,12,5,2,11,,mean_err,61.68410823369007,0.001638499990804121,66,
controlled,pairwise_chain,12,5,3,1,,terminal_err,454.6515303392012,8.300004992634058e-06,11,
controlled,global_adj,12,5,3,1,,terminal_err,454.6515303391931,0.00035859999479725957,11,
controlled,global_band,12,5,3,3,,terminal_err,106.70235610003505,0.0008013999904505908,30,
controlled,global_full,12,5,3,11,,terminal_err,114.60666963045911,0.0016048999968916178,66,
controlled,pairwise_chain,12,5,3,1,,mean_err,329.26450114565233,8.300004992634058e-06,11,
controlled,global_band,12,5,3,3,,mean_err,112.5470359761916,0.0008013999904505908,30,
controlled,global_full,12,5,3,11,,mean_err,86.48198515805832,0.0016048999968916178,66,
controlled,pairwise_chain,12,5,4,1,,terminal_err,645.7789661141741,6.44999963697046e-05,11,
controlled,global_adj,12,5,4,1,,terminal_err,645.778966114167,0.0006727999862050638,11,
controlled,global_band,12,5,4,3,,terminal_err,367.4986183398765,0.0008088000031420961,30,
controlled,global_full,12,5,4,11,,terminal_err,127.87483839585585,0.0016021000046748668,66,
controlled,pairwise_chain,12,5,4,1,,mean_err,363.29799348077546,6.44999963697046e-05,11,
controlled,global_band,12,5,4,3,,mean_err,185.76155549784707,0.0008088000031420961,30,
controlled,global_full,12,5,4,11,,mean_err,99.34335085610343,0.0016021000046748668,66,
real_donor_Br5292,pairwise_chain,4,1,0,1,,alledge_resid,70.94181721582817,,3,
real_donor_Br5292,global_band,4,1,0,3,,alledge_resid,36.96006421969863,,6,
real_donor_Br5292,global_full,4,1,0,3,,alledge_resid,36.96006421969863,,6,
real_donor_Br5292,pairwise_chain,4,1,0,1,,label_consistency,0.8129629629629629,,,
real_donor_Br5292,global_full,4,1,0,3,,label_consistency,0.815,,,
real_donor_Br5292,pairwise_chain,4,1,1,1,,alledge_resid,74.5247719390534,,3,
real_donor_Br5292,global_band,4,1,1,3,,alledge_resid,55.215012448121115,,6,
real_donor_Br5292,global_full,4,1,1,3,,alledge_resid,55.215012448121115,,6,
real_donor_Br5292,pairwise_chain,4,1,2,1,,alledge_resid,66.22729938941318,,3,
real_donor_Br5292,global_band,4,1,2,3,,alledge_resid,41.33435344461183,,6,
real_donor_Br5292,global_full,4,1,2,3,,alledge_resid,41.33435344461183,,6,
real_donor_Br5292,pairwise_chain,4,1,3,1,,alledge_resid,43.23533941983998,,3,
real_donor_Br5292,global_band,4,1,3,3,,alledge_resid,32.3944461042127,,6,
real_donor_Br5292,global_full,4,1,3,3,,alledge_resid,32.3944461042127,,6,
real_donor_Br5292,pairwise_chain,4,1,4,1,,alledge_resid,73.00081581513108,,3,
real_donor_Br5292,global_band,4,1,4,3,,alledge_resid,42.36869002242944,,6,
real_donor_Br5292,global_full,4,1,4,3,,alledge_resid,42.36869002242944,,6,
real_donor_Br5292,pairwise_chain,4,3,0,1,,alledge_resid,133.7319753112421,,3,
real_donor_Br5292,global_band,4,3,0,3,,alledge_resid,92.41131519740647,,6,
real_donor_Br5292,global_full,4,3,0,3,,alledge_resid,92.41131519740647,,6,
real_donor_Br5292,pairwise_chain,4,3,1,1,,alledge_resid,99.82279127964057,,3,
real_donor_Br5292,global_band,4,3,1,3,,alledge_resid,81.62066584947264,,6,
real_donor_Br5292,global_full,4,3,1,3,,alledge_resid,81.62066584947264,,6,
real_donor_Br5292,pairwise_chain,4,3,2,1,,alledge_resid,154.52098918626646,,3,
real_donor_Br5292,global_band,4,3,2,3,,alledge_resid,108.4371158686266,,6,
real_donor_Br5292,global_full,4,3,2,3,,alledge_resid,108.4371158686266,,6,
real_donor_Br5292,pairwise_chain,4,3,3,1,,alledge_resid,103.41513363978807,,3,
real_donor_Br5292,global_band,4,3,3,3,,alledge_resid,84.05516956607686,,6,
real_donor_Br5292,global_full,4,3,3,3,,alledge_resid,84.05516956607686,,6,
real_donor_Br5292,pairwise_chain,4,3,4,1,,alledge_resid,143.51499900314306,,3,
real_donor_Br5292,global_band,4,3,4,3,,alledge_resid,125.1383230148786,,6,
real_donor_Br5292,global_full,4,3,4,3,,alledge_resid,125.1383230148786,,6,
real_donor_Br5292,pairwise_chain,4,5,0,1,,alledge_resid,237.08470849445914,,3,
real_donor_Br5292,global_band,4,5,0,3,,alledge_resid,177.82809458377366,,6,
real_donor_Br5292,global_full,4,5,0,3,,alledge_resid,177.82809458377366,,6,
real_donor_Br5292,pairwise_chain,4,5,1,1,,alledge_resid,198.2676282805761,,3,
real_donor_Br5292,global_band,4,5,1,3,,alledge_resid,138.66346511749433,,6,
real_donor_Br5292,global_full,4,5,1,3,,alledge_resid,138.66346511749433,,6,
real_donor_Br5292,pairwise_chain,4,5,2,1,,alledge_resid,230.81792237842546,,3,
real_donor_Br5292,global_band,4,5,2,3,,alledge_resid,206.39813459281382,,6,
real_donor_Br5292,global_full,4,5,2,3,,alledge_resid,206.39813459281382,,6,
real_donor_Br5292,pairwise_chain,4,5,3,1,,alledge_resid,208.49117474952314,,3,
real_donor_Br5292,global_band,4,5,3,3,,alledge_resid,155.9241617536729,,6,
real_donor_Br5292,global_full,4,5,3,3,,alledge_resid,155.9241617536729,,6,
real_donor_Br5292,pairwise_chain,4,5,4,1,,alledge_resid,263.58502203873053,,3,
real_donor_Br5292,global_band,4,5,4,3,,alledge_resid,208.49681984301446,,6,
real_donor_Br5292,global_full,4,5,4,3,,alledge_resid,208.49681984301446,,6,
real_donor_Br5595,pairwise_chain,4,1,0,1,,alledge_resid,88.0242731074647,,3,
real_donor_Br5595,global_band,4,1,0,3,,alledge_resid,70.21358016045927,,6,
real_donor_Br5595,global_full,4,1,0,3,,alledge_resid,70.21358016045927,,6,
real_donor_Br5595,pairwise_chain,4,1,0,1,,label_consistency,0.888501872659176,,,
real_donor_Br5595,global_full,4,1,0,3,,label_consistency,0.8857969391564017,,,
real_donor_Br5595,pairwise_chain,4,1,1,1,,alledge_resid,148.79422403216725,,3,
real_donor_Br5595,global_band,4,1,1,3,,alledge_resid,128.64538788216433,,6,
real_donor_Br5595,global_full,4,1,1,3,,alledge_resid,128.64538788216433,,6,
real_donor_Br5595,pairwise_chain,4,1,2,1,,alledge_resid,86.65580609646359,,3,
real_donor_Br5595,global_band,4,1,2,3,,alledge_resid,75.95491039396241,,6,
real_donor_Br5595,global_full,4,1,2,3,,alledge_resid,75.95491039396241,,6,
real_donor_Br5595,pairwise_chain,4,1,3,1,,alledge_resid,147.1359961803068,,3,
real_donor_Br5595,global_band,4,1,3,3,,alledge_resid,86.81998380878389,,6,
real_donor_Br5595,global_full,4,1,3,3,,alledge_resid,86.81998380878389,,6,
real_donor_Br5595,pairwise_chain,4,1,4,1,,alledge_resid,162.00798516073763,,3,
real_donor_Br5595,global_band,4,1,4,3,,alledge_resid,89.53904298686051,,6,
real_donor_Br5595,global_full,4,1,4,3,,alledge_resid,89.53904298686051,,6,
real_donor_Br5595,pairwise_chain,4,3,0,1,,alledge_resid,126.93380929036788,,3,
real_donor_Br5595,global_band,4,3,0,3,,alledge_resid,129.55930647299013,,6,
real_donor_Br5595,global_full,4,3,0,3,,alledge_resid,129.55930647299013,,6,
real_donor_Br5595,pairwise_chain,4,3,1,1,,alledge_resid,281.885060023531,,3,
real_donor_Br5595,global_band,4,3,1,3,,alledge_resid,182.54237124481529,,6,
real_donor_Br5595,global_full,4,3,1,3,,alledge_resid,182.54237124481529,,6,
real_donor_Br5595,pairwise_chain,4,3,2,1,,alledge_resid,345.6632191888989,,3,
real_donor_Br5595,global_band,4,3,2,3,,alledge_resid,197.70346139839896,,6,
real_donor_Br5595,global_full,4,3,2,3,,alledge_resid,197.70346139839896,,6,
real_donor_Br5595,pairwise_chain,4,3,3,1,,alledge_resid,156.65407224439232,,3,
real_donor_Br5595,global_band,4,3,3,3,,alledge_resid,140.82442398388693,,6,
real_donor_Br5595,global_full,4,3,3,3,,alledge_resid,140.82442398388693,,6,
real_donor_Br5595,pairwise_chain,4,3,4,1,,alledge_resid,182.5279907339741,,3,
real_donor_Br5595,global_band,4,3,4,3,,alledge_resid,107.60937595744498,,6,
real_donor_Br5595,global_full,4,3,4,3,,alledge_resid,107.60937595744498,,6,
real_donor_Br5595,pairwise_chain,4,5,0,1,,alledge_resid,531.2971878881466,,3,
real_donor_Br5595,global_band,4,5,0,3,,alledge_resid,318.0981457008816,,6,
real_donor_Br5595,global_full,4,5,0,3,,alledge_resid,318.0981457008816,,6,
real_donor_Br5595,pairwise_chain,4,5,1,1,,alledge_resid,248.2864694579268,,3,
real_donor_Br5595,global_band,4,5,1,3,,alledge_resid,224.2687748641927,,6,
real_donor_Br5595,global_full,4,5,1,3,,alledge_resid,224.2687748641927,,6,
real_donor_Br5595,pairwise_chain,4,5,2,1,,alledge_resid,292.9718973762735,,3,
real_donor_Br5595,global_band,4,5,2,3,,alledge_resid,166.1877695178646,,6,
real_donor_Br5595,global_full,4,5,2,3,,alledge_resid,166.1877695178646,,6,
real_donor_Br5595,pairwise_chain,4,5,3,1,,alledge_resid,147.96735892716774,,3,
real_donor_Br5595,global_band,4,5,3,3,,alledge_resid,143.53286050947295,,6,
real_donor_Br5595,global_full,4,5,3,3,,alledge_resid,143.53286050947295,,6,
real_donor_Br5595,pairwise_chain,4,5,4,1,,alledge_resid,910.9282582187898,,3,
real_donor_Br5595,global_band,4,5,4,3,,alledge_resid,446.91523251342784,,6,
real_donor_Br5595,global_full,4,5,4,3,,alledge_resid,446.91523251342784,,6,
real_donor_Br8100,pairwise_chain,4,1,0,1,,alledge_resid,76.8401482509348,,3,
real_donor_Br8100,global_band,4,1,0,3,,alledge_resid,50.212278850009845,,6,
real_donor_Br8100,global_full,4,1,0,3,,alledge_resid,50.212278850009845,,6,
real_donor_Br8100,pairwise_chain,4,1,0,1,,label_consistency,0.8173961840628506,,,
real_donor_Br8100,global_full,4,1,0,3,,label_consistency,0.8173961840628506,,,
real_donor_Br8100,pairwise_chain,4,1,1,1,,alledge_resid,178.9830577123307,,3,
real_donor_Br8100,global_band,4,1,1,3,,alledge_resid,113.93904556936168,,6,
real_donor_Br8100,global_full,4,1,1,3,,alledge_resid,113.93904556936168,,6,
real_donor_Br8100,pairwise_chain,4,1,2,1,,alledge_resid,146.6607836411151,,3,
real_donor_Br8100,global_band,4,1,2,3,,alledge_resid,92.86680291771324,,6,
real_donor_Br8100,global_full,4,1,2,3,,alledge_resid,92.86680291771324,,6,
real_donor_Br8100,pairwise_chain,4,1,3,1,,alledge_resid,145.4017884835232,,3,
real_donor_Br8100,global_band,4,1,3,3,,alledge_resid,92.32510338082595,,6,
real_donor_Br8100,global_full,4,1,3,3,,alledge_resid,92.32510338082595,,6,
real_donor_Br8100,pairwise_chain,4,1,4,1,,alledge_resid,103.58901989180151,,3,
real_donor_Br8100,global_band,4,1,4,3,,alledge_resid,62.09625131581913,,6,
real_donor_Br8100,global_full,4,1,4,3,,alledge_resid,62.09625131581913,,6,
real_donor_Br8100,pairwise_chain,4,3,0,1,,alledge_resid,266.29044917349694,,3,
real_donor_Br8100,global_band,4,3,0,3,,alledge_resid,164.41444555926384,,6,
real_donor_Br8100,global_full,4,3,0,3,,alledge_resid,164.41444555926384,,6,
real_donor_Br8100,pairwise_chain,4,3,1,1,,alledge_resid,215.0352331152559,,3,
real_donor_Br8100,global_band,4,3,1,3,,alledge_resid,148.69919174653248,,6,
real_donor_Br8100,global_full,4,3,1,3,,alledge_resid,148.69919174653248,,6,
real_donor_Br8100,pairwise_chain,4,3,2,1,,alledge_resid,105.38827923607279,,3,
real_donor_Br8100,global_band,4,3,2,3,,alledge_resid,80.72783879423599,,6,
real_donor_Br8100,global_full,4,3,2,3,,alledge_resid,80.72783879423599,,6,
real_donor_Br8100,pairwise_chain,4,3,3,1,,alledge_resid,326.3354188940594,,3,
real_donor_Br8100,global_band,4,3,3,3,,alledge_resid,181.7990695692216,,6,
real_donor_Br8100,global_full,4,3,3,3,,alledge_resid,181.7990695692216,,6,
real_donor_Br8100,pairwise_chain,4,3,4,1,,alledge_resid,179.14106877663485,,3,
real_donor_Br8100,global_band,4,3,4,3,,alledge_resid,153.29301467241157,,6,
real_donor_Br8100,global_full,4,3,4,3,,alledge_resid,153.29301467241157,,6,
real_donor_Br8100,pairwise_chain,4,5,0,1,,alledge_resid,136.515549828386,,3,
real_donor_Br8100,global_band,4,5,0,3,,alledge_resid,118.32214172239911,,6,
real_donor_Br8100,global_full,4,5,0,3,,alledge_resid,118.32214172239911,,6,
real_donor_Br8100,pairwise_chain,4,5,1,1,,alledge_resid,508.01278209367905,,3,
real_donor_Br8100,global_band,4,5,1,3,,alledge_resid,272.99280130214703,,6,
real_donor_Br8100,global_full,4,5,1,3,,alledge_resid,272.99280130214703,,6,
real_donor_Br8100,pairwise_chain,4,5,2,1,,alledge_resid,233.80672479951343,,3,
real_donor_Br8100,global_band,4,5,2,3,,alledge_resid,223.36966961629358,,6,
real_donor_Br8100,global_full,4,5,2,3,,alledge_resid,223.36966961629358,,6,
real_donor_Br8100,pairwise_chain,4,5,3,1,,alledge_resid,125.09545903001647,,3,
real_donor_Br8100,global_band,4,5,3,3,,alledge_resid,112.07510238067859,,6,
real_donor_Br8100,global_full,4,5,3,3,,alledge_resid,112.07510238067859,,6,
real_donor_Br8100,pairwise_chain,4,5,4,1,,alledge_resid,255.2296109708195,,3,
real_donor_Br8100,global_band,4,5,4,3,,alledge_resid,266.8468581810375,,6,
real_donor_Br8100,global_full,4,5,4,3,,alledge_resid,266.8468581810375,,6,
real_full12,pairwise_chain,12,1,0,1,,alledge_resid,823.9164369795604,,11,
real_full12,global_band,12,1,0,3,,alledge_resid,788.7931558827378,,30,
real_full12,global_full,12,1,0,11,,alledge_resid,681.4832390934762,,66,
real_full12,pairwise_chain,12,1,0,1,,label_consistency,0.7730061972975719,,,
real_full12,global_full,12,1,0,11,,label_consistency,0.7339477960593134,,,
real_full12,pairwise_chain,12,1,1,1,,alledge_resid,851.1769596120756,,11,
real_full12,global_band,12,1,1,3,,alledge_resid,777.6154431499888,,30,
real_full12,global_full,12,1,1,11,,alledge_resid,680.5871990405234,,66,
real_full12,pairwise_chain,12,1,2,1,,alledge_resid,832.8800109884734,,11,
real_full12,global_band,12,1,2,3,,alledge_resid,780.8719335221041,,30,
real_full12,global_full,12,1,2,11,,alledge_resid,680.7433406118224,,66,
real_full12,pairwise_chain,12,1,3,1,,alledge_resid,831.3849868949063,,11,
real_full12,global_band,12,1,3,3,,alledge_resid,816.9385409073457,,30,
real_full12,global_full,12,1,3,11,,alledge_resid,683.5970780486133,,66,
real_full12,pairwise_chain,12,1,4,1,,alledge_resid,846.5488996949719,,11,
real_full12,global_band,12,1,4,3,,alledge_resid,798.6346249198783,,30,
real_full12,global_full,12,1,4,11,,alledge_resid,684.5889134878279,,66,
real_full12,pairwise_chain,12,3,0,1,,alledge_resid,944.4971246702024,,11,
real_full12,global_band,12,3,0,3,,alledge_resid,790.3961589228114,,30,
real_full12,global_full,12,3,0,11,,alledge_resid,711.0732474381878,,66,
real_full12,pairwise_chain,12,3,1,1,,alledge_resid,947.8845965791484,,11,
real_full12,global_band,12,3,1,3,,alledge_resid,905.6133443436499,,30,
real_full12,global_full,12,3,1,11,,alledge_resid,719.4527626341606,,66,
real_full12,pairwise_chain,12,3,2,1,,alledge_resid,982.3670598273682,,11,
real_full12,global_band,12,3,2,3,,alledge_resid,866.8628648203445,,30,
real_full12,global_full,12,3,2,11,,alledge_resid,729.3441222774591,,66,
real_full12,pairwise_chain,12,3,3,1,,alledge_resid,989.3551685463876,,11,
real_full12,global_band,12,3,3,3,,alledge_resid,839.8167808525808,,30,
real_full12,global_full,12,3,3,11,,alledge_resid,697.1691055174772,,66,
real_full12,pairwise_chain,12,3,4,1,,alledge_resid,1011.1604369783076,,11,
real_full12,global_band,12,3,4,3,,alledge_resid,861.3617948798819,,30,
real_full12,global_full,12,3,4,11,,alledge_resid,719.9543753842327,,66,
real_full12,pairwise_chain,12,5,0,1,,alledge_resid,1148.7799937354548,,11,
real_full12,global_band,12,5,0,3,,alledge_resid,949.8858654848391,,30,
real_full12,global_full,12,5,0,11,,alledge_resid,793.9696883589341,,66,
real_full12,pairwise_chain,12,5,1,1,,alledge_resid,1143.2107163341523,,11,
real_full12,global_band,12,5,1,3,,alledge_resid,891.3700163166598,,30,
real_full12,global_full,12,5,1,11,,alledge_resid,735.089157255625,,66,
real_full12,pairwise_chain,12,5,2,1,,alledge_resid,1199.625436165924,,11,
real_full12,global_band,12,5,2,3,,alledge_resid,927.8537789511684,,30,
real_full12,global_full,12,5,2,11,,alledge_resid,765.532034203132,,66,
real_full12,pairwise_chain,12,5,3,1,,alledge_resid,1173.9021136762415,,11,
real_full12,global_band,12,5,3,3,,alledge_resid,940.4863549696729,,30,
real_full12,global_full,12,5,3,11,,alledge_resid,741.2321547444208,,66,
real_full12,pairwise_chain,12,5,4,1,,alledge_resid,1196.6689729938491,,11,
real_full12,global_band,12,5,4,3,,alledge_resid,937.5707007974124,,30,
real_full12,global_full,12,5,4,11,,alledge_resid,749.9943979139642,,66,
robust_missing,pairwise_chain,12,3,0,1,,mean_err_kept,1514.875667184215,,9,section6_missing
robust_missing,global_band,12,3,0,3,,mean_err_kept,89.04449718813645,,24,section6_missing
robust_badedge,global_naive,12,3,0,3,,mean_err,2688.676468155943,,30,"edge(5,6)_corrupted"
robust_badedge,global_irls,12,3,0,3,,mean_err,215.7195025119769,,30,"edge(5,6)_corrupted"
robust_badedge,global_gated,12,3,0,3,,mean_err,83.50797563387047,,29,"edge(5,6)_corrupted"
robust_inconsistent,pairwise_chain,12,8,0,1,,mean_err,792.1240668414434,,11,high_noise
robust_inconsistent,global_band_irls,12,8,0,3,,mean_err,275.55413331148264,,30,high_noise
robust_missing,pairwise_chain,12,3,1,1,,mean_err_kept,1747.5987647035274,,9,section6_missing
robust_missing,global_band,12,3,1,3,,mean_err_kept,78.90422430512336,,24,section6_missing
robust_badedge,global_naive,12,3,1,3,,mean_err,3037.1203119617385,,30,"edge(5,6)_corrupted"
robust_badedge,global_irls,12,3,1,3,,mean_err,286.87731080938136,,30,"edge(5,6)_corrupted"
robust_badedge,global_gated,12,3,1,3,,mean_err,76.87306901842419,,29,"edge(5,6)_corrupted"
robust_inconsistent,pairwise_chain,12,8,1,1,,mean_err,709.7160219565591,,11,high_noise
robust_inconsistent,global_band_irls,12,8,1,3,,mean_err,348.7664837133564,,30,high_noise
robust_missing,pairwise_chain,12,3,2,1,,mean_err_kept,10577.505202527575,,9,section6_missing
robust_missing,global_band,12,3,2,3,,mean_err_kept,92.66048511585076,,24,section6_missing
robust_badedge,global_naive,12,3,2,3,,mean_err,1864.447677447374,,30,"edge(5,6)_corrupted"
robust_badedge,global_irls,12,3,2,3,,mean_err,146.01359269629862,,30,"edge(5,6)_corrupted"
robust_badedge,global_gated,12,3,2,3,,mean_err,66.1280207422743,,29,"edge(5,6)_corrupted"
robust_inconsistent,pairwise_chain,12,8,2,1,,mean_err,551.7044901647351,,11,high_noise
robust_inconsistent,global_band_irls,12,8,2,3,,mean_err,318.27366942121995,,30,high_noise
robust_missing,pairwise_chain,12,3,3,1,,mean_err_kept,4183.1278297491845,,9,section6_missing
robust_missing,global_band,12,3,3,3,,mean_err_kept,54.0027757967112,,24,section6_missing
robust_badedge,global_naive,12,3,3,3,,mean_err,4087.5916066474642,,30,"edge(5,6)_corrupted"
robust_badedge,global_irls,12,3,3,3,,mean_err,521.9960313091956,,30,"edge(5,6)_corrupted"
robust_badedge,global_gated,12,3,3,3,,mean_err,83.81528864213047,,28,"edge(5,6)_corrupted"
robust_inconsistent,pairwise_chain,12,8,3,1,,mean_err,330.50087468931923,,11,high_noise
robust_inconsistent,global_band_irls,12,8,3,3,,mean_err,338.2465068404338,,30,high_noise
robust_missing,pairwise_chain,12,3,4,1,,mean_err_kept,3071.41355257668,,9,section6_missing
robust_missing,global_band,12,3,4,3,,mean_err_kept,84.7355346133326,,24,section6_missing
robust_badedge,global_naive,12,3,4,3,,mean_err,3663.582698123077,,30,"edge(5,6)_corrupted"
robust_badedge,global_irls,12,3,4,3,,mean_err,244.3557489845274,,30,"edge(5,6)_corrupted"
robust_badedge,global_gated,12,3,4,3,,mean_err,62.070704550159,,29,"edge(5,6)_corrupted"
robust_inconsistent,pairwise_chain,12,8,4,1,,mean_err,440.098463021016,,11,high_noise
robust_inconsistent,global_band_irls,12,8,4,3,,mean_err,202.32596908647847,,30,high_noise
gate,global_band,12,3,0,3,off,mean_err,128.67606290863844,,30,frac_bad=0.0
gate,global_band_gated,12,3,0,3,on,mean_err,128.67606290863844,,30,frac_bad=0.0
gate,global_band_gated_irls,12,3,0,3,on+irls,mean_err,123.1903149248929,,30,frac_bad=0.0
gate,global_band,12,3,1,3,off,mean_err,75.79290088051532,,30,frac_bad=0.0
gate,global_band_gated,12,3,1,3,on,mean_err,75.79290088051532,,30,frac_bad=0.0
gate,global_band_gated_irls,12,3,1,3,on+irls,mean_err,75.17648990218632,,30,frac_bad=0.0
gate,global_band,12,3,2,3,off,mean_err,98.4207384747263,,30,frac_bad=0.0
gate,global_band_gated,12,3,2,3,on,mean_err,98.4207384747263,,30,frac_bad=0.0
gate,global_band_gated_irls,12,3,2,3,on+irls,mean_err,93.42407405519599,,30,frac_bad=0.0
gate,global_band,12,3,3,3,off,mean_err,111.48652682309152,,30,frac_bad=0.0
gate,global_band_gated,12,3,3,3,on,mean_err,111.48652682309152,,30,frac_bad=0.0
gate,global_band_gated_irls,12,3,3,3,on+irls,mean_err,110.18753414454369,,30,frac_bad=0.0
gate,global_band,12,3,4,3,off,mean_err,86.09198707476578,,30,frac_bad=0.0
gate,global_band_gated,12,3,4,3,on,mean_err,86.09198707476578,,30,frac_bad=0.0
gate,global_band_gated_irls,12,3,4,3,on+irls,mean_err,85.93113513371786,,30,frac_bad=0.0
gate,global_band,12,3,0,3,off,mean_err,6825.995417260663,,30,frac_bad=0.1
gate,global_band_gated,12,3,0,3,on,mean_err,170.24455021697747,,27,frac_bad=0.1
gate,global_band_gated_irls,12,3,0,3,on+irls,mean_err,158.4187330172588,,27,frac_bad=0.1
gate,global_band,12,3,1,3,off,mean_err,6672.987537865906,,30,frac_bad=0.1
gate,global_band_gated,12,3,1,3,on,mean_err,63.33698351007663,,27,frac_bad=0.1
gate,global_band_gated_irls,12,3,1,3,on+irls,mean_err,63.55120520835829,,27,frac_bad=0.1
gate,global_band,12,3,2,3,off,mean_err,4968.790786923988,,30,frac_bad=0.1
gate,global_band_gated,12,3,2,3,on,mean_err,114.95053488792767,,27,frac_bad=0.1
gate,global_band_gated_irls,12,3,2,3,on+irls,mean_err,114.61552831202101,,27,frac_bad=0.1
gate,global_band,12,3,3,3,off,mean_err,5301.379164516566,,30,frac_bad=0.1
gate,global_band_gated,12,3,3,3,on,mean_err,117.70766740047891,,27,frac_bad=0.1
gate,global_band_gated_irls,12,3,3,3,on+irls,mean_err,111.38300066638107,,27,frac_bad=0.1
gate,global_band,12,3,4,3,off,mean_err,4761.069036104874,,30,frac_bad=0.1
gate,global_band_gated,12,3,4,3,on,mean_err,49.97140197180565,,26,frac_bad=0.1
gate,global_band_gated_irls,12,3,4,3,on+irls,mean_err,50.138658822842864,,26,frac_bad=0.1
gate,global_band,12,3,0,3,off,mean_err,6798.437021306464,,30,frac_bad=0.2
gate,global_band_gated,12,3,0,3,on,mean_err,140.25687994768384,,24,frac_bad=0.2
gate,global_band_gated_irls,12,3,0,3,on+irls,mean_err,137.28032857793437,,24,frac_bad=0.2
gate,global_band,12,3,1,3,off,mean_err,6581.512938653363,,30,frac_bad=0.2
gate,global_band_gated,12,3,1,3,on,mean_err,84.41974270215916,,24,frac_bad=0.2
gate,global_band_gated_irls,12,3,1,3,on+irls,mean_err,86.30760343563571,,24,frac_bad=0.2
gate,global_band,12,3,2,3,off,mean_err,5851.267017712566,,30,frac_bad=0.2
gate,global_band_gated,12,3,2,3,on,mean_err,64.94585344202697,,24,frac_bad=0.2
gate,global_band_gated_irls,12,3,2,3,on+irls,mean_err,65.81434386394521,,24,frac_bad=0.2
gate,global_band,12,3,3,3,off,mean_err,5999.698253325553,,30,frac_bad=0.2
gate,global_band_gated,12,3,3,3,on,mean_err,91.08833183264863,,24,frac_bad=0.2
gate,global_band_gated_irls,12,3,3,3,on+irls,mean_err,90.6442570750841,,24,frac_bad=0.2
gate,global_band,12,3,4,3,off,mean_err,7619.252265743576,,30,frac_bad=0.2
gate,global_band_gated,12,3,4,3,on,mean_err,184.2983541148585,,24,frac_bad=0.2
gate,global_band_gated_irls,12,3,4,3,on+irls,mean_err,173.07704734382855,,24,frac_bad=0.2
runtime,pairwise_chain,2,,,1,,wall_s,0.00015100000018719584,,1,
runtime,global_band3,2,,,3,,wall_s,0.0006578000029549003,,1,
runtime,global_full,2,,,1,,wall_s,0.00043390000064391643,,1,
runtime,pairwise_chain,4,,,1,,wall_s,0.00017719999596010894,,3,
runtime,global_band3,4,,,3,,wall_s,0.002335299999685958,,6,
runtime,global_full,4,,,3,,wall_s,0.001723699999274686,,6,
runtime,pairwise_chain,8,,,1,,wall_s,0.00027659999614115804,,7,
runtime,global_band3,8,,,3,,wall_s,0.003015499998582527,,18,
runtime,global_full,8,,,7,,wall_s,0.00726359999680426,,28,
runtime,pairwise_chain,12,,,1,,wall_s,0.0010565999982645735,,11,
runtime,global_band3,12,,,3,,wall_s,0.008904700007406063,,30,
runtime,global_full,12,,,11,,wall_s,0.015515100007178262,,66,
runtime,pairwise_chain,16,,,1,,wall_s,0.0005418999935500324,,15,
runtime,global_band3,16,,,3,,wall_s,0.008420900005148724,,42,
runtime,global_full,16,,,15,,wall_s,0.024624599987873808,,120,
runtime,pairwise_chain,24,,,1,,wall_s,0.002464499993948266,,23,
runtime,global_band3,24,,,3,,wall_s,0.019144399993820116,,66,
runtime,global_full,24,,,23,,wall_s,0.05724700000428129,,276,
runtime,pairwise_chain,32,,,1,,wall_s,0.0030655999871669337,,31,
runtime,global_band3,32,,,3,,wall_s,0.021778900001663715,,90,
runtime,global_full,32,,,31,,wall_s,0.12364200000592973,,496,
controlled,pairwise_chain,2,1,0,1,,terminal_err,53.57057006787895,9.199997293762863e-06,1,
controlled,global_adj,2,1,0,1,,terminal_err,53.57057006787904,0.0001644000003580004,1,
controlled,global_band,2,1,0,1,,terminal_err,53.57057006787904,0.00011799999629147351,1,
controlled,global_full,2,1,0,1,,terminal_err,53.57057006787904,0.00013020000187680125,1,
controlled,pairwise_chain,2,1,0,1,,mean_err,26.785285033939473,9.199997293762863e-06,1,
controlled,global_band,2,1,0,1,,mean_err,26.78528503393952,0.00011799999629147351,1,
controlled,global_full,2,1,0,1,,mean_err,26.78528503393952,0.00013020000187680125,1,
controlled,pairwise_chain,2,1,1,1,,terminal_err,20.54966821760815,6.700007361359894e-06,1,
controlled,global_adj,2,1,1,1,,terminal_err,20.549668217607927,0.00018899999849963933,1,
controlled,global_band,2,1,1,1,,terminal_err,20.549668217607927,0.00015469999925699085,1,
controlled,global_full,2,1,1,1,,terminal_err,20.549668217607927,7.229999755509198e-05,1,
controlled,pairwise_chain,2,1,1,1,,mean_err,10.274834108804075,6.700007361359894e-06,1,
controlled,global_band,2,1,1,1,,mean_err,10.274834108803963,0.00015469999925699085,1,
controlled,global_full,2,1,1,1,,mean_err,10.274834108803963,7.229999755509198e-05,1,
controlled,pairwise_chain,2,1,2,1,,terminal_err,102.78003666714692,5.399997462518513e-06,1,
controlled,global_adj,2,1,2,1,,terminal_err,102.78003666714869,0.00012229999992996454,1,
controlled,global_band,2,1,2,1,,terminal_err,102.78003666714869,9.109999518841505e-05,1,
controlled,global_full,2,1,2,1,,terminal_err,102.78003666714869,8.64000030560419e-05,1,
controlled,pairwise_chain,2,1,2,1,,mean_err,51.39001833357346,5.399997462518513e-06,1,
controlled,global_band,2,1,2,1,,mean_err,51.390018333574346,9.109999518841505e-05,1,
controlled,global_full,2,1,2,1,,mean_err,51.390018333574346,8.64000030560419e-05,1,
controlled,pairwise_chain,2,1,3,1,,terminal_err,55.33333772137457,7.599999662488699e-06,1,
controlled,global_adj,2,1,3,1,,terminal_err,55.333337721375344,0.00017339999612886459,1,
controlled,global_band,2,1,3,1,,terminal_err,55.333337721375344,0.00015209999401122332,1,
controlled,global_full,2,1,3,1,,terminal_err,55.333337721375344,0.00019120000069960952,1,
controlled,pairwise_chain,2,1,3,1,,mean_err,27.666668860687285,7.599999662488699e-06,1,
controlled,global_band,2,1,3,1,,mean_err,27.666668860687672,0.00015209999401122332,1,
controlled,global_full,2,1,3,1,,mean_err,27.666668860687672,0.00019120000069960952,1,
controlled,pairwise_chain,2,1,4,1,,terminal_err,30.320753726201605,2.820001100189984e-05,1,
controlled,global_adj,2,1,4,1,,terminal_err,30.320753726201715,0.0003184999950462952,1,
controlled,global_band,2,1,4,1,,terminal_err,30.320753726201715,0.00017579999985173345,1,
controlled,global_full,2,1,4,1,,terminal_err,30.320753726201715,8.789999992586672e-05,1,
controlled,pairwise_chain,2,1,4,1,,mean_err,15.160376863100803,2.820001100189984e-05,1,
controlled,global_band,2,1,4,1,,mean_err,15.160376863100858,0.00017579999985173345,1,
controlled,global_full,2,1,4,1,,mean_err,15.160376863100858,8.789999992586672e-05,1,
controlled,pairwise_chain,4,1,0,1,,terminal_err,61.35844061909601,6.799993570894003e-06,3,
controlled,global_adj,4,1,0,1,,terminal_err,61.35844061909717,0.0003615000023273751,3,
controlled,global_band,4,1,0,3,,terminal_err,27.054351285536985,0.0006500000017695129,6,
controlled,global_full,4,1,0,3,,terminal_err,27.054351285536985,0.0004965999978594482,6,
controlled,pairwise_chain,4,1,0,1,,mean_err,44.7517319876518,6.799993570894003e-06,3,
controlled,global_band,4,1,0,3,,mean_err,29.720667658948255,0.0006500000017695129,6,
controlled,global_full,4,1,0,3,,mean_err,29.720667658948255,0.0004965999978594482,6,
controlled,pairwise_chain,4,1,1,1,,terminal_err,62.0178947950506,0.0001905999961309135,3,
controlled,global_adj,4,1,1,1,,terminal_err,62.01789479505018,0.0003256999916629866,3,
controlled,global_band,4,1,1,3,,terminal_err,42.55143121230661,0.0004047000111313537,6,
controlled,global_full,4,1,1,3,,terminal_err,42.55143121230661,0.001449599993065931,6,
controlled,pairwise_chain,4,1,1,1,,mean_err,37.42488231632573,0.0001905999961309135,3,
controlled,global_band,4,1,1,3,,mean_err,32.01796302995358,0.0004047000111313537,6,
controlled,global_full,4,1,1,3,,mean_err,32.01796302995358,0.001449599993065931,6,
controlled,pairwise_chain,4,1,2,1,,terminal_err,61.9305883907836,6.399990525096655e-06,3,
controlled,global_adj,4,1,2,1,,terminal_err,61.93058839078459,0.0001680999994277954,3,
controlled,global_band,4,1,2,3,,terminal_err,50.25010577519981,0.0002454000059515238,6,
controlled,global_full,4,1,2,3,,terminal_err,50.25010577519981,0.00022600000374950469,6,
controlled,pairwise_chain,4,1,2,1,,mean_err,42.06244531145077,6.399990525096655e-06,3,
controlled,global_band,4,1,2,3,,mean_err,37.53424571483727,0.0002454000059515238,6,
controlled,global_full,4,1,2,3,,mean_err,37.53424571483727,0.00022600000374950469,6,
controlled,pairwise_chain,4,1,3,1,,terminal_err,77.10786655824343,5.800000508315861e-06,3,
controlled,global_adj,4,1,3,1,,terminal_err,77.10786655825076,0.00018600000475998968,3,
controlled,global_band,4,1,3,3,,terminal_err,38.36749749242781,0.00023550000332761556,6,
controlled,global_full,4,1,3,3,,terminal_err,38.36749749242781,0.00025889999233186245,6,
controlled,pairwise_chain,4,1,3,1,,mean_err,43.39415023862399,5.800000508315861e-06,3,
controlled,global_band,4,1,3,3,,mean_err,27.812875079877124,0.00023550000332761556,6,
controlled,global_full,4,1,3,3,,mean_err,27.812875079877124,0.00025889999233186245,6,
controlled,pairwise_chain,4,1,4,1,,terminal_err,43.50185447221703,7.700000423938036e-06,3,
controlled,global_adj,4,1,4,1,,terminal_err,43.50185447221972,0.00024850000045262277,3,
controlled,global_band,4,1,4,3,,terminal_err,11.01333868842896,0.00029429999995045364,6,
controlled,global_full,4,1,4,3,,terminal_err,11.01333868842896,0.0002462999982526526,6,
controlled,pairwise_chain,4,1,4,1,,mean_err,37.322677997993694,7.700000423938036e-06,3,
controlled,global_band,4,1,4,3,,mean_err,16.393924766715774,0.00029429999995045364,6,
controlled,global_full,4,1,4,3,,mean_err,16.393924766715774,0.0002462999982526526,6,
controlled,pairwise_chain,8,1,0,1,,terminal_err,60.04415253335758,1.170000177808106e-05,7,
controlled,global_adj,8,1,0,1,,terminal_err,60.04415253330681,0.0006433000089600682,7,
controlled,global_band,8,1,0,3,,terminal_err,50.6525026578404,0.0007230999908642843,18,
controlled,global_full,8,1,0,7,,terminal_err,27.393977176260247,0.0018853000074159354,28,
controlled,pairwise_chain,8,1,0,1,,mean_err,49.95661770350625,1.170000177808106e-05,7,
controlled,global_band,8,1,0,3,,mean_err,42.9766270378477,0.0007230999908642843,18,
controlled,global_full,8,1,0,7,,mean_err,28.71184575229186,0.0018853000074159354,28,
controlled,pairwise_chain,8,1,1,1,,terminal_err,75.99836559954542,9.700001101009548e-06,7,
controlled,global_adj,8,1,1,1,,terminal_err,75.99836559956873,0.0003456999984337017,7,
controlled,global_band,8,1,1,3,,terminal_err,24.275530116064697,0.001001099997665733,18,
controlled,global_full,8,1,1,7,,terminal_err,20.488228667379037,0.0010190999892074615,28,
controlled,pairwise_chain,8,1,1,1,,mean_err,58.52421125968548,9.700001101009548e-06,7,
controlled,global_band,8,1,1,3,,mean_err,54.91818031278734,0.001001099997665733,18,
controlled,global_full,8,1,1,7,,mean_err,54.67183268174762,0.0010190999892074615,28,
controlled,pairwise_chain,8,1,2,1,,terminal_err,78.36550784415287,6.299989763647318e-06,7,
controlled,global_adj,8,1,2,1,,terminal_err,78.36550784413761,0.00024560000747442245,7,
controlled,global_band,8,1,2,3,,terminal_err,57.77546027090028,0.0004989000008208677,18,
controlled,global_full,8,1,2,7,,terminal_err,42.38915857202355,0.0006833999941591173,28,
controlled,pairwise_chain,8,1,2,1,,mean_err,76.36105355935592,6.299989763647318e-06,7,
controlled,global_band,8,1,2,3,,mean_err,49.860339006330854,0.0004989000008208677,18,
controlled,global_full,8,1,2,7,,mean_err,40.64429909676812,0.0006833999941591173,28,
controlled,pairwise_chain,8,1,3,1,,terminal_err,93.74279662983112,6.100002792663872e-06,7,
controlled,global_adj,8,1,3,1,,terminal_err,93.7427966298412,0.0002511999919079244,7,
controlled,global_band,8,1,3,3,,terminal_err,41.624098200850476,0.0004735999973490834,18,
controlled,global_full,8,1,3,7,,terminal_err,22.37805399244821,0.0008493999921483919,28,
controlled,pairwise_chain,8,1,3,1,,mean_err,60.5405547400116,6.100002792663872e-06,7,
controlled,global_band,8,1,3,3,,mean_err,31.011086987451332,0.0004735999973490834,18,
controlled,global_full,8,1,3,7,,mean_err,26.878283102344206,0.0008493999921483919,28,
controlled,pairwise_chain,8,1,4,1,,terminal_err,113.43935835109188,8.199989679269493e-06,7,
controlled,global_adj,8,1,4,1,,terminal_err,113.43935835108951,0.00025749999622348696,7,
controlled,global_band,8,1,4,3,,terminal_err,55.66950002590901,0.0012446999899111688,18,
controlled,global_full,8,1,4,7,,terminal_err,42.27323798827064,0.002352499999688007,28,
controlled,pairwise_chain,8,1,4,1,,mean_err,63.421042725543415,8.199989679269493e-06,7,
controlled,global_band,8,1,4,3,,mean_err,34.49809368714318,0.0012446999899111688,18,
controlled,global_full,8,1,4,7,,mean_err,27.97996658684351,0.002352499999688007,28,
controlled,pairwise_chain,12,1,0,1,,terminal_err,53.95536875802854,1.550000160932541e-05,11,
controlled,global_adj,12,1,0,1,,terminal_err,53.95536875801029,0.0006563000060850754,11,
controlled,global_band,12,1,0,3,,terminal_err,38.996580392740945,0.0014478000084636733,30,
controlled,global_full,12,1,0,11,,terminal_err,36.354622274941896,0.004574000005959533,66,
controlled,pairwise_chain,12,1,0,1,,mean_err,46.29260673603317,1.550000160932541e-05,11,
controlled,global_band,12,1,0,3,,mean_err,45.18291500945537,0.0014478000084636733,30,
controlled,global_full,12,1,0,11,,mean_err,39.84341146077138,0.004574000005959533,66,
controlled,pairwise_chain,12,1,1,1,,terminal_err,86.46199272045918,1.6600009985268116e-05,11,
controlled,global_adj,12,1,1,1,,terminal_err,86.4619927204651,0.0007308999920496717,11,
controlled,global_band,12,1,1,3,,terminal_err,40.18423488129933,0.001595699999597855,30,
controlled,global_full,12,1,1,11,,terminal_err,40.767929563572295,0.003424099995754659,66,
controlled,pairwise_chain,12,1,1,1,,mean_err,82.52665199193736,1.6600009985268116e-05,11,
controlled,global_band,12,1,1,3,,mean_err,38.01109200430246,0.001595699999597855,30,
controlled,global_full,12,1,1,11,,mean_err,30.952656932694897,0.003424099995754659,66,
controlled,pairwise_chain,12,1,2,1,,terminal_err,148.94019933825592,1.7400001524947584e-05,11,
controlled,global_adj,12,1,2,1,,terminal_err,148.94019933826573,0.0010828000085894018,11,
controlled,global_band,12,1,2,3,,terminal_err,29.282613117482274,0.0016417000006185845,30,
controlled,global_full,12,1,2,11,,terminal_err,11.271242258382653,0.0026031999877886847,66,
controlled,pairwise_chain,12,1,2,1,,mean_err,106.7237124459735,1.7400001524947584e-05,11,
controlled,global_band,12,1,2,3,,mean_err,49.5366574868875,0.0016417000006185845,30,
controlled,global_full,12,1,2,11,,mean_err,40.502154976818744,0.0026031999877886847,66,
controlled,pairwise_chain,12,1,3,1,,terminal_err,45.59580196009239,2.0699997548945248e-05,11,
controlled,global_adj,12,1,3,1,,terminal_err,45.59580196012148,0.0008677000005263835,11,
controlled,global_band,12,1,3,3,,terminal_err,39.036663956606105,0.0018207999964943156,30,
controlled,global_full,12,1,3,11,,terminal_err,40.57671105663988,0.0028591000009328127,66,
controlled,pairwise_chain,12,1,3,1,,mean_err,56.353455592687205,2.0699997548945248e-05,11,
controlled,global_band,12,1,3,3,,mean_err,28.126696249780647,0.0018207999964943156,30,
controlled,global_full,12,1,3,11,,mean_err,32.25264169395475,0.0028591000009328127,66,
controlled,pairwise_chain,12,1,4,1,,terminal_err,79.06264150771648,1.5600002370774746e-05,11,
controlled,global_adj,12,1,4,1,,terminal_err,79.06264150773438,0.0008128000044962391,11,
controlled,global_band,12,1,4,3,,terminal_err,75.04438830506906,0.0020337000023573637,30,
controlled,global_full,12,1,4,11,,terminal_err,38.492575196674274,0.0035706999915419146,66,
controlled,pairwise_chain,12,1,4,1,,mean_err,62.21302480605726,1.5600002370774746e-05,11,
controlled,global_band,12,1,4,3,,mean_err,48.85984788742065,0.0020337000023573637,30,
controlled,global_full,12,1,4,11,,mean_err,38.17820833510231,0.0035706999915419146,66,
controlled,pairwise_chain,2,3,0,1,,terminal_err,66.07285153800812,4.799992893822491e-06,1,
controlled,global_adj,2,3,0,1,,terminal_err,66.07285153801033,8.690000686328858e-05,1,
controlled,global_band,2,3,0,1,,terminal_err,66.07285153801033,5.9300000430084765e-05,1,
controlled,global_full,2,3,0,1,,terminal_err,66.07285153801033,5.360000068321824e-05,1,
controlled,pairwise_chain,2,3,0,1,,mean_err,33.03642576900406,4.799992893822491e-06,1,
controlled,global_band,2,3,0,1,,mean_err,33.03642576900516,5.9300000430084765e-05,1,
controlled,global_full,2,3,0,1,,mean_err,33.03642576900516,5.360000068321824e-05,1,
controlled,pairwise_chain,2,3,1,1,,terminal_err,187.72460285062056,1.1399999493733048e-05,1,
controlled,global_adj,2,3,1,1,,terminal_err,187.7246028506204,0.00024420001136604697,1,
controlled,global_band,2,3,1,1,,terminal_err,187.7246028506204,0.00015240001084748656,1,
controlled,global_full,2,3,1,1,,terminal_err,187.7246028506204,0.0005711999983759597,1,
controlled,pairwise_chain,2,3,1,1,,mean_err,93.86230142531028,1.1399999493733048e-05,1,
controlled,global_band,2,3,1,1,,mean_err,93.8623014253102,0.00015240001084748656,1,
controlled,global_full,2,3,1,1,,mean_err,93.8623014253102,0.0005711999983759597,1,
controlled,pairwise_chain,2,3,2,1,,terminal_err,110.5464109477281,5.900001269765198e-06,1,
controlled,global_adj,2,3,2,1,,terminal_err,110.54641094772805,0.0002781999937724322,1,
controlled,global_band,2,3,2,1,,terminal_err,110.54641094772805,0.00018610000552143902,1,
controlled,global_full,2,3,2,1,,terminal_err,110.54641094772805,0.00021189999824855477,1,
controlled,pairwise_chain,2,3,2,1,,mean_err,55.27320547386405,5.900001269765198e-06,1,
controlled,global_band,2,3,2,1,,mean_err,55.273205473864024,0.00018610000552143902,1,
controlled,global_full,2,3,2,1,,mean_err,55.273205473864024,0.00021189999824855477,1,
controlled,pairwise_chain,2,3,3,1,,terminal_err,106.88920216521565,4.7000066842883825e-06,1,
controlled,global_adj,2,3,3,1,,terminal_err,106.88920216521562,0.00010639999527484179,1,
controlled,global_band,2,3,3,1,,terminal_err,106.88920216521562,8.230000094044954e-05,1,
controlled,global_full,2,3,3,1,,terminal_err,106.88920216521562,0.0003277999931015074,1,
controlled,pairwise_chain,2,3,3,1,,mean_err,53.444601082607825,4.7000066842883825e-06,1,
controlled,global_band,2,3,3,1,,mean_err,53.44460108260781,8.230000094044954e-05,1,
controlled,global_full,2,3,3,1,,mean_err,53.44460108260781,0.0003277999931015074,1,
controlled,pairwise_chain,2,3,4,1,,terminal_err,77.26663310075112,4.9000082071870565e-06,1,
controlled,global_adj,2,3,4,1,,terminal_err,77.26663310075156,9.529999806545675e-05,1,
controlled,global_band,2,3,4,1,,terminal_err,77.26663310075156,7.110000296961516e-05,1,
controlled,global_full,2,3,4,1,,terminal_err,77.26663310075156,6.720000237692147e-05,1,
controlled,pairwise_chain,2,3,4,1,,mean_err,38.63331655037556,4.9000082071870565e-06,1,
controlled,global_band,2,3,4,1,,mean_err,38.63331655037578,7.110000296961516e-05,1,
controlled,global_full,2,3,4,1,,mean_err,38.63331655037578,6.720000237692147e-05,1,
controlled,pairwise_chain,4,3,0,1,,terminal_err,194.70972611028495,5.599998985417187e-06,3,
controlled,global_adj,4,3,0,1,,terminal_err,194.70972611028407,0.00015550000534858555,3,
controlled,global_band,4,3,0,3,,terminal_err,56.90580921864151,0.00020719999156426638,6,
controlled,global_full,4,3,0,3,,terminal_err,56.90580921864151,0.0002697999880183488,6,
controlled,pairwise_chain,4,3,0,1,,mean_err,112.2971059950195,5.599998985417187e-06,3,
controlled,global_band,4,3,0,3,,mean_err,52.99043476287812,0.00020719999156426638,6,
controlled,global_full,4,3,0,3,,mean_err,52.99043476287812,0.0002697999880183488,6,
controlled,pairwise_chain,4,3,1,1,,terminal_err,84.78127661674952,1.0700008715502918e-05,3,
controlled,global_adj,4,3,1,1,,terminal_err,84.78127661675005,0.00022599998919758946,3,
controlled,global_band,4,3,1,3,,terminal_err,60.383692611817395,0.0003301000106148422,6,
controlled,global_full,4,3,1,3,,terminal_err,60.383692611817395,0.0003265999985160306,6,
controlled,pairwise_chain,4,3,1,1,,mean_err,59.183922823622716,1.0700008715502918e-05,3,
controlled,global_band,4,3,1,3,,mean_err,38.72492826790014,0.0003301000106148422,6,
controlled,global_full,4,3,1,3,,mean_err,38.72492826790014,0.0003265999985160306,6,
controlled,pairwise_chain,4,3,2,1,,terminal_err,100.21493557490871,8.29999044071883e-06,3,
controlled,global_adj,4,3,2,1,,terminal_err,100.21493557490835,0.00021660000493284315,3,
controlled,global_band,4,3,2,3,,terminal_err,22.08066873841643,0.0006232000014279038,6,
controlled,global_full,4,3,2,3,,terminal_err,22.08066873841643,0.0003139999898849055,6,
controlled,pairwise_chain,4,3,2,1,,mean_err,60.32801192423232,8.29999044071883e-06,3,
controlled,global_band,4,3,2,3,,mean_err,36.82728421680534,0.0006232000014279038,6,
controlled,global_full,4,3,2,3,,mean_err,36.82728421680534,0.0003139999898849055,6,
controlled,pairwise_chain,4,3,3,1,,terminal_err,83.59110020950241,7.299997378140688e-06,3,
controlled,global_adj,4,3,3,1,,terminal_err,83.59110020949848,0.00038350000977516174,3,
controlled,global_band,4,3,3,3,,terminal_err,50.963379927194495,0.00042019999818876386,6,
controlled,global_full,4,3,3,3,,terminal_err,50.963379927194495,0.00040970000554807484,6,
controlled,pairwise_chain,4,3,3,1,,mean_err,60.45108130553723,7.299997378140688e-06,3,
controlled,global_band,4,3,3,3,,mean_err,37.04586695171652,0.00042019999818876386,6,
controlled,global_full,4,3,3,3,,mean_err,37.04586695171652,0.00040970000554807484,6,
controlled,pairwise_chain,4,3,4,1,,terminal_err,257.61134480367116,6.099988240748644e-06,3,
controlled,global_adj,4,3,4,1,,terminal_err,257.6113448036722,0.00035570000181905925,3,
controlled,global_band,4,3,4,3,,terminal_err,114.0312747076289,0.0007412000122712925,6,
controlled,global_full,4,3,4,3,,terminal_err,114.0312747076289,0.0005649999948218465,6,
controlled,pairwise_chain,4,3,4,1,,mean_err,141.3734327162643,6.099988240748644e-06,3,
controlled,global_band,4,3,4,3,,mean_err,66.22018800381427,0.0007412000122712925,6,
controlled,global_full,4,3,4,3,,mean_err,66.22018800381427,0.0005649999948218465,6,
controlled,pairwise_chain,8,3,0,1,,terminal_err,417.39300897903325,1.0200004908256233e-05,7,
controlled,global_adj,8,3,0,1,,terminal_err,417.39300897903377,0.0006673999887425452,7,
controlled,global_band,8,3,0,3,,terminal_err,79.63368969766618,0.001562199991894886,18,
controlled,global_full,8,3,0,7,,terminal_err,28.24624835423905,0.001775099997757934,28,
controlled,pairwise_chain,8,3,0,1,,mean_err,262.6312405752194,1.0200004908256233e-05,7,
controlled,global_band,8,3,0,3,,mean_err,107.23935728264794,0.001562199991894886,18,
controlled,global_full,8,3,0,7,,mean_err,47.25112212474657,0.001775099997757934,28,
controlled,pairwise_chain,8,3,1,1,,terminal_err,197.90128045346336,1.8000006093643606e-05,7,
controlled,global_adj,8,3,1,1,,terminal_err,197.90128045346606,0.00037819999852217734,7,
controlled,global_band,8,3,1,3,,terminal_err,96.67920538451712,0.0007786999922245741,18,
controlled,global_full,8,3,1,7,,terminal_err,69.40281152743675,0.0010043000074801967,28,
controlled,pairwise_chain,8,3,1,1,,mean_err,120.57821092301724,1.8000006093643606e-05,7,
controlled,global_band,8,3,1,3,,mean_err,74.9684468497101,0.0007786999922245741,18,
controlled,global_full,8,3,1,7,,mean_err,53.833962489934194,0.0010043000074801967,28,
controlled,pairwise_chain,8,3,2,1,,terminal_err,297.87890250513624,8.200004231184721e-06,7,
controlled,global_adj,8,3,2,1,,terminal_err,297.87890250514414,0.0003220999933546409,7,
controlled,global_band,8,3,2,3,,terminal_err,78.81531232266875,0.00074819999281317,18,
controlled,global_full,8,3,2,7,,terminal_err,65.68764298603072,0.001502800005255267,28,
controlled,pairwise_chain,8,3,2,1,,mean_err,176.76722939677336,8.200004231184721e-06,7,
controlled,global_band,8,3,2,3,,mean_err,61.624937859645705,0.00074819999281317,18,
controlled,global_full,8,3,2,7,,mean_err,50.756861705880894,0.001502800005255267,28,
controlled,pairwise_chain,8,3,3,1,,terminal_err,206.04946481647968,8.800008799880743e-06,7,
controlled,global_adj,8,3,3,1,,terminal_err,206.04946481648298,0.0003062999894609675,7,
controlled,global_band,8,3,3,3,,terminal_err,83.64720017632696,0.0005110000056447461,18,
controlled,global_full,8,3,3,7,,terminal_err,39.26622023643298,0.0007956999907037243,28,
controlled,pairwise_chain,8,3,3,1,,mean_err,145.7746071007071,8.800008799880743e-06,7,
controlled,global_band,8,3,3,3,,mean_err,61.2708878170111,0.0005110000056447461,18,
controlled,global_full,8,3,3,7,,mean_err,38.712278386600346,0.0007956999907037243,28,
controlled,pairwise_chain,8,3,4,1,,terminal_err,374.27595050777825,8.699993486516178e-06,7,
controlled,global_adj,8,3,4,1,,terminal_err,374.2759505077838,0.00114900000335183,7,
controlled,global_band,8,3,4,3,,terminal_err,87.59986630608113,0.0013145999982953072,18,
controlled,global_full,8,3,4,7,,terminal_err,41.41066520665045,0.0019850999960908666,28,
controlled,pairwise_chain,8,3,4,1,,mean_err,220.6773424828073,8.699993486516178e-06,7,
controlled,global_band,8,3,4,3,,mean_err,59.582809608131925,0.0013145999982953072,18,
controlled,global_full,8,3,4,7,,mean_err,43.263818166028365,0.0019850999960908666,28,
controlled,pairwise_chain,12,3,0,1,,terminal_err,234.18076256132593,2.2799998987466097e-05,11,
controlled,global_adj,12,3,0,1,,terminal_err,234.18076256131786,0.0006720000092172995,11,
controlled,global_band,12,3,0,3,,terminal_err,82.6595587437038,0.0012990999966859818,30,
controlled,global_full,12,3,0,11,,terminal_err,55.94671666024303,0.0016095000028144568,66,
controlled,pairwise_chain,12,3,0,1,,mean_err,121.8794900287405,2.2799998987466097e-05,11,
controlled,global_band,12,3,0,3,,mean_err,71.01743307726188,0.0012990999966859818,30,
controlled,global_full,12,3,0,11,,mean_err,47.20452924026739,0.0016095000028144568,66,
controlled,pairwise_chain,12,3,1,1,,terminal_err,311.09089743913364,7.200011168606579e-06,11,
controlled,global_adj,12,3,1,1,,terminal_err,311.0908974391293,0.00033819999953266233,11,
controlled,global_band,12,3,1,3,,terminal_err,235.27925876834323,0.0007709000055911019,30,
controlled,global_full,12,3,1,11,,terminal_err,107.94806305371394,0.0016133999888552353,66,
controlled,pairwise_chain,12,3,1,1,,mean_err,160.73917932900142,7.200011168606579e-06,11,
controlled,global_band,12,3,1,3,,mean_err,145.22080293946087,0.0007709000055911019,30,
controlled,global_full,12,3,1,11,,mean_err,78.01603757065915,0.0016133999888552353,66,
controlled,pairwise_chain,12,3,2,1,,terminal_err,317.6211020563566,6.799993570894003e-06,11,
controlled,global_adj,12,3,2,1,,terminal_err,317.62110205635395,0.00034149999555666,11,
controlled,global_band,12,3,2,3,,terminal_err,104.97975620557443,0.0008651000098325312,30,
controlled,global_full,12,3,2,11,,terminal_err,65.36384448131216,0.002783499992801808,66,
controlled,pairwise_chain,12,3,2,1,,mean_err,185.4295463756699,6.799993570894003e-06,11,
controlled,global_band,12,3,2,3,,mean_err,79.17247899792102,0.0008651000098325312,30,
controlled,global_full,12,3,2,11,,mean_err,59.022429364427744,0.002783499992801808,66,
controlled,pairwise_chain,12,3,3,1,,terminal_err,134.12398802868836,1.4199991710484028e-05,11,
controlled,global_adj,12,3,3,1,,terminal_err,134.1239880287065,0.0006326000002445653,11,
controlled,global_band,12,3,3,3,,terminal_err,250.8081318861325,0.0013923000078648329,30,
controlled,global_full,12,3,3,11,,terminal_err,59.38528713921767,0.0029928000003565103,66,
controlled,pairwise_chain,12,3,3,1,,mean_err,89.63111818576836,1.4199991710484028e-05,11,
controlled,global_band,12,3,3,3,,mean_err,127.61594821038493,0.0013923000078648329,30,
controlled,global_full,12,3,3,11,,mean_err,53.095062079805295,0.0029928000003565103,66,
controlled,pairwise_chain,12,3,4,1,,terminal_err,179.4512511611217,8.400005754083395e-06,11,
controlled,global_adj,12,3,4,1,,terminal_err,179.45125116111575,0.0006439999997382984,11,
controlled,global_band,12,3,4,3,,terminal_err,119.93635979760761,0.001168100003269501,30,
controlled,global_full,12,3,4,11,,terminal_err,61.73393028022625,0.0021431999921333045,66,
controlled,pairwise_chain,12,3,4,1,,mean_err,112.46331114123927,8.400005754083395e-06,11,
controlled,global_band,12,3,4,3,,mean_err,108.38636687000121,0.001168100003269501,30,
controlled,global_full,12,3,4,11,,mean_err,48.26611541577825,0.0021431999921333045,66,
controlled,pairwise_chain,2,5,0,1,,terminal_err,210.7002715138057,4.49999060947448e-06,1,
controlled,global_adj,2,5,0,1,,terminal_err,210.70027151380467,8.209999941755086e-05,1,
controlled,global_band,2,5,0,1,,terminal_err,210.70027151380467,6.179999036248773e-05,1,
controlled,global_full,2,5,0,1,,terminal_err,210.70027151380467,5.570000212173909e-05,1,
controlled,pairwise_chain,2,5,0,1,,mean_err,105.35013575690284,4.49999060947448e-06,1,
controlled,global_band,2,5,0,1,,mean_err,105.35013575690233,6.179999036248773e-05,1,
controlled,global_full,2,5,0,1,,mean_err,105.35013575690233,5.570000212173909e-05,1,
controlled,pairwise_chain,2,5,1,1,,terminal_err,91.36916897438716,3.5999983083456755e-06,1,
controlled,global_adj,2,5,1,1,,terminal_err,91.36916897438772,7.2900002123788e-05,1,
controlled,global_band,2,5,1,1,,terminal_err,91.36916897438772,6.0999998822808266e-05,1,
controlled,global_full,2,5,1,1,,terminal_err,91.36916897438772,5.7900004321709275e-05,1,
controlled,pairwise_chain,2,5,1,1,,mean_err,45.68458448719358,3.5999983083456755e-06,1,
controlled,global_band,2,5,1,1,,mean_err,45.68458448719386,6.0999998822808266e-05,1,
controlled,global_full,2,5,1,1,,mean_err,45.68458448719386,5.7900004321709275e-05,1,
controlled,pairwise_chain,2,5,2,1,,terminal_err,77.54553845984421,5.1000097300857306e-06,1,
controlled,global_adj,2,5,2,1,,terminal_err,77.54553845984493,0.00010600000678095967,1,
controlled,global_band,2,5,2,1,,terminal_err,77.54553845984493,8.399999933317304e-05,1,
controlled,global_full,2,5,2,1,,terminal_err,77.54553845984493,0.00012989999959245324,1,
controlled,pairwise_chain,2,5,2,1,,mean_err,38.772769229922105,5.1000097300857306e-06,1,
controlled,global_band,2,5,2,1,,mean_err,38.77276922992247,8.399999933317304e-05,1,
controlled,global_full,2,5,2,1,,mean_err,38.77276922992247,0.00012989999959245324,1,
controlled,pairwise_chain,2,5,3,1,,terminal_err,190.1204585726167,4.599991370923817e-06,1,
controlled,global_adj,2,5,3,1,,terminal_err,190.1204585726176,8.919999527279288e-05,1,
controlled,global_band,2,5,3,1,,terminal_err,190.1204585726176,6.989999383222312e-05,1,
controlled,global_full,2,5,3,1,,terminal_err,190.1204585726176,6.459999713115394e-05,1,
controlled,pairwise_chain,2,5,3,1,,mean_err,95.06022928630836,4.599991370923817e-06,1,
controlled,global_band,2,5,3,1,,mean_err,95.0602292863088,6.989999383222312e-05,1,
controlled,global_full,2,5,3,1,,mean_err,95.0602292863088,6.459999713115394e-05,1,
controlled,pairwise_chain,2,5,4,1,,terminal_err,119.43076260409875,4.1000021155923605e-06,1,
controlled,global_adj,2,5,4,1,,terminal_err,119.43076260409877,8.789999992586672e-05,1,
controlled,global_band,2,5,4,1,,terminal_err,119.43076260409877,7.130000449251384e-05,1,
controlled,global_full,2,5,4,1,,terminal_err,119.43076260409877,6.58999924780801e-05,1,
controlled,pairwise_chain,2,5,4,1,,mean_err,59.71538130204937,4.1000021155923605e-06,1,
controlled,global_band,2,5,4,1,,mean_err,59.71538130204939,7.130000449251384e-05,1,
controlled,global_full,2,5,4,1,,mean_err,59.71538130204939,6.58999924780801e-05,1,
controlled,pairwise_chain,4,5,0,1,,terminal_err,247.74733510446012,6.999995093792677e-06,3,
controlled,global_adj,4,5,0,1,,terminal_err,247.74733510445833,0.00017689999367576092,3,
controlled,global_band,4,5,0,3,,terminal_err,61.96318205117525,0.0002545000024838373,6,
controlled,global_full,4,5,0,3,,terminal_err,61.96318205117525,0.00023459999647457153,6,
controlled,pairwise_chain,4,5,0,1,,mean_err,171.64733308677384,6.999995093792677e-06,3,
controlled,global_band,4,5,0,3,,mean_err,72.55180543172409,0.0002545000024838373,6,
controlled,global_full,4,5,0,3,,mean_err,72.55180543172409,0.00023459999647457153,6,
controlled,pairwise_chain,4,5,1,1,,terminal_err,168.29486904866513,6.100002792663872e-06,3,
controlled,global_adj,4,5,1,1,,terminal_err,168.29486904866542,0.00016149999282788485,3,
controlled,global_band,4,5,1,3,,terminal_err,144.53792329142883,0.00026390000130049884,6,
controlled,global_full,4,5,1,3,,terminal_err,144.53792329142883,0.00023349998809862882,6,
controlled,pairwise_chain,4,5,1,1,,mean_err,146.47431234022952,6.100002792663872e-06,3,
controlled,global_band,4,5,1,3,,mean_err,75.01826325109869,0.00026390000130049884,6,
controlled,global_full,4,5,1,3,,mean_err,75.01826325109869,0.00023349998809862882,6,
controlled,pairwise_chain,4,5,2,1,,terminal_err,103.07275505892942,4.600000102072954e-05,3,
controlled,global_adj,4,5,2,1,,terminal_err,103.07275505893047,0.0008258000016212463,3,
controlled,global_band,4,5,2,3,,terminal_err,130.8186927644009,0.0003466000052867457,6,
controlled,global_full,4,5,2,3,,terminal_err,130.8186927644009,0.0002499999973224476,6,
controlled,pairwise_chain,4,5,2,1,,mean_err,113.22269551493531,4.600000102072954e-05,3,
controlled,global_band,4,5,2,3,,mean_err,91.81422791708096,0.0003466000052867457,6,
controlled,global_full,4,5,2,3,,mean_err,91.81422791708096,0.0002499999973224476,6,
controlled,pairwise_chain,4,5,3,1,,terminal_err,127.16928513105512,8.799994247965515e-06,3,
controlled,global_adj,4,5,3,1,,terminal_err,127.16928513105448,0.00032310000096913427,3,
controlled,global_band,4,5,3,3,,terminal_err,95.25147652395748,0.0004163999983575195,6,
controlled,global_full,4,5,3,3,,terminal_err,95.25147652395748,0.0004507999983616173,6,
controlled,pairwise_chain,4,5,3,1,,mean_err,90.6763382932833,8.799994247965515e-06,3,
controlled,global_band,4,5,3,3,,mean_err,60.46620661032687,0.0004163999983575195,6,
controlled,global_full,4,5,3,3,,mean_err,60.46620661032687,0.0004507999983616173,6,
controlled,pairwise_chain,4,5,4,1,,terminal_err,98.27546522706541,7.800001185387373e-06,3,
controlled,global_adj,4,5,4,1,,terminal_err,98.27546522706622,0.00021980000019539148,3,
controlled,global_band,4,5,4,3,,terminal_err,87.48667235230056,0.0002573999954620376,6,
controlled,global_full,4,5,4,3,,terminal_err,87.48667235230056,0.0005653999978676438,6,
controlled,pairwise_chain,4,5,4,1,,mean_err,60.69480347300319,7.800001185387373e-06,3,
controlled,global_band,4,5,4,3,,mean_err,68.26346472936405,0.0002573999954620376,6,
controlled,global_full,4,5,4,3,,mean_err,68.26346472936405,0.0005653999978676438,6,
controlled,pairwise_chain,8,5,0,1,,terminal_err,217.9395782316672,1.4700010069645941e-05,7,
controlled,global_adj,8,5,0,1,,terminal_err,217.93957823165374,0.002796400003717281,7,
controlled,global_band,8,5,0,3,,terminal_err,188.79118904759977,0.0007139999943319708,18,
controlled,global_full,8,5,0,7,,terminal_err,164.85970511860683,0.0015946000057738274,28,
controlled,pairwise_chain,8,5,0,1,,mean_err,131.15703944784067,1.4700010069645941e-05,7,
controlled,global_band,8,5,0,3,,mean_err,109.89489020855746,0.0007139999943319708,18,
controlled,global_full,8,5,0,7,,mean_err,111.92942153798438,0.0015946000057738274,28,
controlled,pairwise_chain,8,5,1,1,,terminal_err,321.9386468215689,9.300012607127428e-06,7,
controlled,global_adj,8,5,1,1,,terminal_err,321.93864682157266,0.00032130000181496143,7,
controlled,global_band,8,5,1,3,,terminal_err,214.46775932372836,0.0006399999983841553,18,
controlled,global_full,8,5,1,7,,terminal_err,143.5018917332044,0.0008997999975690618,28,
controlled,pairwise_chain,8,5,1,1,,mean_err,178.60984439651537,9.300012607127428e-06,7,
controlled,global_band,8,5,1,3,,mean_err,133.94074053379538,0.0006399999983841553,18,
controlled,global_full,8,5,1,7,,mean_err,70.27843050828048,0.0008997999975690618,28,
controlled,pairwise_chain,8,5,2,1,,terminal_err,442.00759705000485,9.60000033956021e-06,7,
controlled,global_adj,8,5,2,1,,terminal_err,442.0075970500143,0.0008074000070337206,7,
controlled,global_band,8,5,2,3,,terminal_err,147.89575320096384,0.0007075000030454248,18,
controlled,global_full,8,5,2,7,,terminal_err,84.9487491728618,0.0010583999974187464,28,
controlled,pairwise_chain,8,5,2,1,,mean_err,254.06644694278293,9.60000033956021e-06,7,
controlled,global_band,8,5,2,3,,mean_err,156.74102823943213,0.0007075000030454248,18,
controlled,global_full,8,5,2,7,,mean_err,86.43706193089335,0.0010583999974187464,28,
controlled,pairwise_chain,8,5,3,1,,terminal_err,231.13215866995546,7.899987394921482e-06,7,
controlled,global_adj,8,5,3,1,,terminal_err,231.13215866997604,0.00024300000222865492,7,
controlled,global_band,8,5,3,3,,terminal_err,103.07764146707765,0.0004811999970115721,18,
controlled,global_full,8,5,3,7,,terminal_err,31.64651356433561,0.0006861000001663342,28,
controlled,pairwise_chain,8,5,3,1,,mean_err,149.26886253791199,7.899987394921482e-06,7,
controlled,global_band,8,5,3,3,,mean_err,71.2484250272517,0.0004811999970115721,18,
controlled,global_full,8,5,3,7,,mean_err,61.057028018183544,0.0006861000001663342,28,
controlled,pairwise_chain,8,5,4,1,,terminal_err,123.68321134848694,5.800000508315861e-06,7,
controlled,global_adj,8,5,4,1,,terminal_err,123.68321134849914,0.00023520000104326755,7,
controlled,global_band,8,5,4,3,,terminal_err,169.57510243455636,0.0006044000037945807,18,
controlled,global_full,8,5,4,7,,terminal_err,59.64133443989476,0.001073099992936477,28,
controlled,pairwise_chain,8,5,4,1,,mean_err,188.34296415725515,5.800000508315861e-06,7,
controlled,global_band,8,5,4,3,,mean_err,142.32230412807854,0.0006044000037945807,18,
controlled,global_full,8,5,4,7,,mean_err,104.47972597088992,0.001073099992936477,28,
controlled,pairwise_chain,12,5,0,1,,terminal_err,296.85979294249523,9.800001862458885e-06,11,
controlled,global_adj,12,5,0,1,,terminal_err,296.85979294249523,0.0004217000096105039,11,
controlled,global_band,12,5,0,3,,terminal_err,293.87855647362085,0.000926900000195019,30,
controlled,global_full,12,5,0,11,,terminal_err,56.88131035345034,0.001765200009685941,66,
controlled,pairwise_chain,12,5,0,1,,mean_err,285.53470965373185,9.800001862458885e-06,11,
controlled,global_band,12,5,0,3,,mean_err,225.81549290664375,0.000926900000195019,30,
controlled,global_full,12,5,0,11,,mean_err,90.99003421237428,0.001765200009685941,66,
controlled,pairwise_chain,12,5,1,1,,terminal_err,632.8074884272862,7.700000423938036e-06,11,
controlled,global_adj,12,5,1,1,,terminal_err,632.8074884273001,0.0003449000068940222,11,
controlled,global_band,12,5,1,3,,terminal_err,143.0089168219787,0.0007688000041525811,30,
controlled,global_full,12,5,1,11,,terminal_err,92.68885936958011,0.0021130000095581636,66,
controlled,pairwise_chain,12,5,1,1,,mean_err,321.67416393180105,7.700000423938036e-06,11,
controlled,global_band,12,5,1,3,,mean_err,150.56622709108066,0.0007688000041525811,30,
controlled,global_full,12,5,1,11,,mean_err,107.89842110689699,0.0021130000095581636,66,
controlled,pairwise_chain,12,5,2,1,,terminal_err,547.2231771066305,1.2100004823878407e-05,11,
controlled,global_adj,12,5,2,1,,terminal_err,547.2231771066392,0.00048719999904278666,11,
controlled,global_band,12,5,2,3,,terminal_err,115.32555780056018,0.0009151999984169379,30,
controlled,global_full,12,5,2,11,,terminal_err,61.642422898513246,0.0016297999973176047,66,
controlled,pairwise_chain,12,5,2,1,,mean_err,259.97368067955114,1.2100004823878407e-05,11,
controlled,global_band,12,5,2,3,,mean_err,136.83553967104623,0.0009151999984169379,30,
controlled,global_full,12,5,2,11,,mean_err,61.68410823369007,0.0016297999973176047,66,
controlled,pairwise_chain,12,5,3,1,,terminal_err,454.6515303392012,9.800001862458885e-06,11,
controlled,global_adj,12,5,3,1,,terminal_err,454.6515303391931,0.0005253999988781288,11,
controlled,global_band,12,5,3,3,,terminal_err,106.70235610003505,0.0012626999960048124,30,
controlled,global_full,12,5,3,11,,terminal_err,114.60666963045911,0.002349400005186908,66,
controlled,pairwise_chain,12,5,3,1,,mean_err,329.26450114565233,9.800001862458885e-06,11,
controlled,global_band,12,5,3,3,,mean_err,112.5470359761916,0.0012626999960048124,30,
controlled,global_full,12,5,3,11,,mean_err,86.48198515805832,0.002349400005186908,66,
controlled,pairwise_chain,12,5,4,1,,terminal_err,645.7789661141741,4.430000262800604e-05,11,
controlled,global_adj,12,5,4,1,,terminal_err,645.778966114167,0.0008680000028107315,11,
controlled,global_band,12,5,4,3,,terminal_err,367.4986183398765,0.0022200000094017014,30,
controlled,global_full,12,5,4,11,,terminal_err,127.87483839585585,0.0022000000026309863,66,
controlled,pairwise_chain,12,5,4,1,,mean_err,363.29799348077546,4.430000262800604e-05,11,
controlled,global_band,12,5,4,3,,mean_err,185.76155549784707,0.0022200000094017014,30,
controlled,global_full,12,5,4,11,,mean_err,99.34335085610343,0.0022000000026309863,66,
real_donor_Br5292,pairwise_chain,4,1,0,1,,alledge_resid,70.94181721582817,,3,
real_donor_Br5292,global_band,4,1,0,3,,alledge_resid,36.96006421969863,,6,
real_donor_Br5292,global_full,4,1,0,3,,alledge_resid,36.96006421969863,,6,
real_donor_Br5292,pairwise_chain,4,1,0,1,,label_consistency,0.8129629629629629,,,
real_donor_Br5292,global_full,4,1,0,3,,label_consistency,0.815,,,
real_donor_Br5292,pairwise_chain,4,1,1,1,,alledge_resid,74.5247719390534,,3,
real_donor_Br5292,global_band,4,1,1,3,,alledge_resid,55.215012448121115,,6,
real_donor_Br5292,global_full,4,1,1,3,,alledge_resid,55.215012448121115,,6,
real_donor_Br5292,pairwise_chain,4,1,2,1,,alledge_resid,66.22729938941318,,3,
real_donor_Br5292,global_band,4,1,2,3,,alledge_resid,41.33435344461183,,6,
real_donor_Br5292,global_full,4,1,2,3,,alledge_resid,41.33435344461183,,6,
real_donor_Br5292,pairwise_chain,4,1,3,1,,alledge_resid,43.23533941983998,,3,
real_donor_Br5292,global_band,4,1,3,3,,alledge_resid,32.3944461042127,,6,
real_donor_Br5292,global_full,4,1,3,3,,alledge_resid,32.3944461042127,,6,
real_donor_Br5292,pairwise_chain,4,1,4,1,,alledge_resid,73.00081581513108,,3,
real_donor_Br5292,global_band,4,1,4,3,,alledge_resid,42.36869002242944,,6,
real_donor_Br5292,global_full,4,1,4,3,,alledge_resid,42.36869002242944,,6,
real_donor_Br5292,pairwise_chain,4,3,0,1,,alledge_resid,133.7319753112421,,3,
real_donor_Br5292,global_band,4,3,0,3,,alledge_resid,92.41131519740647,,6,
real_donor_Br5292,global_full,4,3,0,3,,alledge_resid,92.41131519740647,,6,
real_donor_Br5292,pairwise_chain,4,3,1,1,,alledge_resid,99.82279127964057,,3,
real_donor_Br5292,global_band,4,3,1,3,,alledge_resid,81.62066584947264,,6,
real_donor_Br5292,global_full,4,3,1,3,,alledge_resid,81.62066584947264,,6,
real_donor_Br5292,pairwise_chain,4,3,2,1,,alledge_resid,154.52098918626646,,3,
real_donor_Br5292,global_band,4,3,2,3,,alledge_resid,108.4371158686266,,6,
real_donor_Br5292,global_full,4,3,2,3,,alledge_resid,108.4371158686266,,6,
real_donor_Br5292,pairwise_chain,4,3,3,1,,alledge_resid,103.41513363978807,,3,
real_donor_Br5292,global_band,4,3,3,3,,alledge_resid,84.05516956607686,,6,
real_donor_Br5292,global_full,4,3,3,3,,alledge_resid,84.05516956607686,,6,
real_donor_Br5292,pairwise_chain,4,3,4,1,,alledge_resid,143.51499900314306,,3,
real_donor_Br5292,global_band,4,3,4,3,,alledge_resid,125.1383230148786,,6,
real_donor_Br5292,global_full,4,3,4,3,,alledge_resid,125.1383230148786,,6,
real_donor_Br5292,pairwise_chain,4,5,0,1,,alledge_resid,237.08470849445914,,3,
real_donor_Br5292,global_band,4,5,0,3,,alledge_resid,177.82809458377366,,6,
real_donor_Br5292,global_full,4,5,0,3,,alledge_resid,177.82809458377366,,6,
real_donor_Br5292,pairwise_chain,4,5,1,1,,alledge_resid,198.2676282805761,,3,
real_donor_Br5292,global_band,4,5,1,3,,alledge_resid,138.66346511749433,,6,
real_donor_Br5292,global_full,4,5,1,3,,alledge_resid,138.66346511749433,,6,
real_donor_Br5292,pairwise_chain,4,5,2,1,,alledge_resid,230.81792237842546,,3,
real_donor_Br5292,global_band,4,5,2,3,,alledge_resid,206.39813459281382,,6,
real_donor_Br5292,global_full,4,5,2,3,,alledge_resid,206.39813459281382,,6,
real_donor_Br5292,pairwise_chain,4,5,3,1,,alledge_resid,208.49117474952314,,3,
real_donor_Br5292,global_band,4,5,3,3,,alledge_resid,155.9241617536729,,6,
real_donor_Br5292,global_full,4,5,3,3,,alledge_resid,155.9241617536729,,6,
real_donor_Br5292,pairwise_chain,4,5,4,1,,alledge_resid,263.58502203873053,,3,
real_donor_Br5292,global_band,4,5,4,3,,alledge_resid,208.49681984301446,,6,
real_donor_Br5292,global_full,4,5,4,3,,alledge_resid,208.49681984301446,,6,
real_donor_Br5595,pairwise_chain,4,1,0,1,,alledge_resid,88.0242731074647,,3,
real_donor_Br5595,global_band,4,1,0,3,,alledge_resid,70.21358016045927,,6,
real_donor_Br5595,global_full,4,1,0,3,,alledge_resid,70.21358016045927,,6,
real_donor_Br5595,pairwise_chain,4,1,0,1,,label_consistency,0.888501872659176,,,
real_donor_Br5595,global_full,4,1,0,3,,label_consistency,0.8857969391564017,,,
real_donor_Br5595,pairwise_chain,4,1,1,1,,alledge_resid,148.79422403216725,,3,
real_donor_Br5595,global_band,4,1,1,3,,alledge_resid,128.64538788216433,,6,
real_donor_Br5595,global_full,4,1,1,3,,alledge_resid,128.64538788216433,,6,
real_donor_Br5595,pairwise_chain,4,1,2,1,,alledge_resid,86.65580609646359,,3,
real_donor_Br5595,global_band,4,1,2,3,,alledge_resid,75.95491039396241,,6,
real_donor_Br5595,global_full,4,1,2,3,,alledge_resid,75.95491039396241,,6,
real_donor_Br5595,pairwise_chain,4,1,3,1,,alledge_resid,147.1359961803068,,3,
real_donor_Br5595,global_band,4,1,3,3,,alledge_resid,86.81998380878389,,6,
real_donor_Br5595,global_full,4,1,3,3,,alledge_resid,86.81998380878389,,6,
real_donor_Br5595,pairwise_chain,4,1,4,1,,alledge_resid,162.00798516073763,,3,
real_donor_Br5595,global_band,4,1,4,3,,alledge_resid,89.53904298686051,,6,
real_donor_Br5595,global_full,4,1,4,3,,alledge_resid,89.53904298686051,,6,
real_donor_Br5595,pairwise_chain,4,3,0,1,,alledge_resid,126.93380929036788,,3,
real_donor_Br5595,global_band,4,3,0,3,,alledge_resid,129.55930647299013,,6,
real_donor_Br5595,global_full,4,3,0,3,,alledge_resid,129.55930647299013,,6,
real_donor_Br5595,pairwise_chain,4,3,1,1,,alledge_resid,281.885060023531,,3,
real_donor_Br5595,global_band,4,3,1,3,,alledge_resid,182.54237124481529,,6,
real_donor_Br5595,global_full,4,3,1,3,,alledge_resid,182.54237124481529,,6,
real_donor_Br5595,pairwise_chain,4,3,2,1,,alledge_resid,345.6632191888989,,3,
real_donor_Br5595,global_band,4,3,2,3,,alledge_resid,197.70346139839896,,6,
real_donor_Br5595,global_full,4,3,2,3,,alledge_resid,197.70346139839896,,6,
real_donor_Br5595,pairwise_chain,4,3,3,1,,alledge_resid,156.65407224439232,,3,
real_donor_Br5595,global_band,4,3,3,3,,alledge_resid,140.82442398388693,,6,
real_donor_Br5595,global_full,4,3,3,3,,alledge_resid,140.82442398388693,,6,
real_donor_Br5595,pairwise_chain,4,3,4,1,,alledge_resid,182.5279907339741,,3,
real_donor_Br5595,global_band,4,3,4,3,,alledge_resid,107.60937595744498,,6,
real_donor_Br5595,global_full,4,3,4,3,,alledge_resid,107.60937595744498,,6,
real_donor_Br5595,pairwise_chain,4,5,0,1,,alledge_resid,531.2971878881466,,3,
real_donor_Br5595,global_band,4,5,0,3,,alledge_resid,318.0981457008816,,6,
real_donor_Br5595,global_full,4,5,0,3,,alledge_resid,318.0981457008816,,6,
real_donor_Br5595,pairwise_chain,4,5,1,1,,alledge_resid,248.2864694579268,,3,
real_donor_Br5595,global_band,4,5,1,3,,alledge_resid,224.2687748641927,,6,
real_donor_Br5595,global_full,4,5,1,3,,alledge_resid,224.2687748641927,,6,
real_donor_Br5595,pairwise_chain,4,5,2,1,,alledge_resid,292.9718973762735,,3,
real_donor_Br5595,global_band,4,5,2,3,,alledge_resid,166.1877695178646,,6,
real_donor_Br5595,global_full,4,5,2,3,,alledge_resid,166.1877695178646,,6,
real_donor_Br5595,pairwise_chain,4,5,3,1,,alledge_resid,147.96735892716774,,3,
real_donor_Br5595,global_band,4,5,3,3,,alledge_resid,143.53286050947295,,6,
real_donor_Br5595,global_full,4,5,3,3,,alledge_resid,143.53286050947295,,6,
real_donor_Br5595,pairwise_chain,4,5,4,1,,alledge_resid,910.9282582187898,,3,
real_donor_Br5595,global_band,4,5,4,3,,alledge_resid,446.91523251342784,,6,
real_donor_Br5595,global_full,4,5,4,3,,alledge_resid,446.91523251342784,,6,
real_donor_Br8100,pairwise_chain,4,1,0,1,,alledge_resid,76.8401482509348,,3,
real_donor_Br8100,global_band,4,1,0,3,,alledge_resid,50.212278850009845,,6,
real_donor_Br8100,global_full,4,1,0,3,,alledge_resid,50.212278850009845,,6,
real_donor_Br8100,pairwise_chain,4,1,0,1,,label_consistency,0.8173961840628506,,,
real_donor_Br8100,global_full,4,1,0,3,,label_consistency,0.8173961840628506,,,
real_donor_Br8100,pairwise_chain,4,1,1,1,,alledge_resid,178.9830577123307,,3,
real_donor_Br8100,global_band,4,1,1,3,,alledge_resid,113.93904556936168,,6,
real_donor_Br8100,global_full,4,1,1,3,,alledge_resid,113.93904556936168,,6,
real_donor_Br8100,pairwise_chain,4,1,2,1,,alledge_resid,146.6607836411151,,3,
real_donor_Br8100,global_band,4,1,2,3,,alledge_resid,92.86680291771324,,6,
real_donor_Br8100,global_full,4,1,2,3,,alledge_resid,92.86680291771324,,6,
real_donor_Br8100,pairwise_chain,4,1,3,1,,alledge_resid,145.4017884835232,,3,
real_donor_Br8100,global_band,4,1,3,3,,alledge_resid,92.32510338082595,,6,
real_donor_Br8100,global_full,4,1,3,3,,alledge_resid,92.32510338082595,,6,
real_donor_Br8100,pairwise_chain,4,1,4,1,,alledge_resid,103.58901989180151,,3,
real_donor_Br8100,global_band,4,1,4,3,,alledge_resid,62.09625131581913,,6,
real_donor_Br8100,global_full,4,1,4,3,,alledge_resid,62.09625131581913,,6,
real_donor_Br8100,pairwise_chain,4,3,0,1,,alledge_resid,266.29044917349694,,3,
real_donor_Br8100,global_band,4,3,0,3,,alledge_resid,164.41444555926384,,6,
real_donor_Br8100,global_full,4,3,0,3,,alledge_resid,164.41444555926384,,6,
real_donor_Br8100,pairwise_chain,4,3,1,1,,alledge_resid,215.0352331152559,,3,
real_donor_Br8100,global_band,4,3,1,3,,alledge_resid,148.69919174653248,,6,
real_donor_Br8100,global_full,4,3,1,3,,alledge_resid,148.69919174653248,,6,
real_donor_Br8100,pairwise_chain,4,3,2,1,,alledge_resid,105.38827923607279,,3,
real_donor_Br8100,global_band,4,3,2,3,,alledge_resid,80.72783879423599,,6,
real_donor_Br8100,global_full,4,3,2,3,,alledge_resid,80.72783879423599,,6,
real_donor_Br8100,pairwise_chain,4,3,3,1,,alledge_resid,326.3354188940594,,3,
real_donor_Br8100,global_band,4,3,3,3,,alledge_resid,181.7990695692216,,6,
real_donor_Br8100,global_full,4,3,3,3,,alledge_resid,181.7990695692216,,6,
real_donor_Br8100,pairwise_chain,4,3,4,1,,alledge_resid,179.14106877663485,,3,
real_donor_Br8100,global_band,4,3,4,3,,alledge_resid,153.29301467241157,,6,
real_donor_Br8100,global_full,4,3,4,3,,alledge_resid,153.29301467241157,,6,
real_donor_Br8100,pairwise_chain,4,5,0,1,,alledge_resid,136.515549828386,,3,
real_donor_Br8100,global_band,4,5,0,3,,alledge_resid,118.32214172239911,,6,
real_donor_Br8100,global_full,4,5,0,3,,alledge_resid,118.32214172239911,,6,
real_donor_Br8100,pairwise_chain,4,5,1,1,,alledge_resid,508.01278209367905,,3,
real_donor_Br8100,global_band,4,5,1,3,,alledge_resid,272.99280130214703,,6,
real_donor_Br8100,global_full,4,5,1,3,,alledge_resid,272.99280130214703,,6,
real_donor_Br8100,pairwise_chain,4,5,2,1,,alledge_resid,233.80672479951343,,3,
real_donor_Br8100,global_band,4,5,2,3,,alledge_resid,223.36966961629358,,6,
real_donor_Br8100,global_full,4,5,2,3,,alledge_resid,223.36966961629358,,6,
real_donor_Br8100,pairwise_chain,4,5,3,1,,alledge_resid,125.09545903001647,,3,
real_donor_Br8100,global_band,4,5,3,3,,alledge_resid,112.07510238067859,,6,
real_donor_Br8100,global_full,4,5,3,3,,alledge_resid,112.07510238067859,,6,
real_donor_Br8100,pairwise_chain,4,5,4,1,,alledge_resid,255.2296109708195,,3,
real_donor_Br8100,global_band,4,5,4,3,,alledge_resid,266.8468581810375,,6,
real_donor_Br8100,global_full,4,5,4,3,,alledge_resid,266.8468581810375,,6,
real_full12,pairwise_chain,12,1,0,1,,alledge_resid,823.9164369795604,,11,
real_full12,global_band,12,1,0,3,,alledge_resid,788.7931558827378,,30,
real_full12,global_full,12,1,0,11,,alledge_resid,681.4832390934762,,66,
real_full12,pairwise_chain,12,1,0,1,,label_consistency,0.7730061972975719,,,
real_full12,global_full,12,1,0,11,,label_consistency,0.7339477960593134,,,
real_full12,pairwise_chain,12,1,1,1,,alledge_resid,851.1769596120756,,11,
real_full12,global_band,12,1,1,3,,alledge_resid,777.6154431499888,,30,
real_full12,global_full,12,1,1,11,,alledge_resid,680.5871990405234,,66,
real_full12,pairwise_chain,12,1,2,1,,alledge_resid,832.8800109884734,,11,
real_full12,global_band,12,1,2,3,,alledge_resid,780.8719335221041,,30,
real_full12,global_full,12,1,2,11,,alledge_resid,680.7433406118224,,66,
real_full12,pairwise_chain,12,1,3,1,,alledge_resid,831.3849868949063,,11,
real_full12,global_band,12,1,3,3,,alledge_resid,816.9385409073457,,30,
real_full12,global_full,12,1,3,11,,alledge_resid,683.5970780486133,,66,
real_full12,pairwise_chain,12,1,4,1,,alledge_resid,846.5488996949719,,11,
real_full12,global_band,12,1,4,3,,alledge_resid,798.6346249198783,,30,
real_full12,global_full,12,1,4,11,,alledge_resid,684.5889134878279,,66,
real_full12,pairwise_chain,12,3,0,1,,alledge_resid,944.4971246702024,,11,
real_full12,global_band,12,3,0,3,,alledge_resid,790.3961589228114,,30,
real_full12,global_full,12,3,0,11,,alledge_resid,711.0732474381878,,66,
real_full12,pairwise_chain,12,3,1,1,,alledge_resid,947.8845965791484,,11,
real_full12,global_band,12,3,1,3,,alledge_resid,905.6133443436499,,30,
real_full12,global_full,12,3,1,11,,alledge_resid,719.4527626341606,,66,
real_full12,pairwise_chain,12,3,2,1,,alledge_resid,982.3670598273682,,11,
real_full12,global_band,12,3,2,3,,alledge_resid,866.8628648203445,,30,
real_full12,global_full,12,3,2,11,,alledge_resid,729.3441222774591,,66,
real_full12,pairwise_chain,12,3,3,1,,alledge_resid,989.3551685463876,,11,
real_full12,global_band,12,3,3,3,,alledge_resid,839.8167808525808,,30,
real_full12,global_full,12,3,3,11,,alledge_resid,697.1691055174772,,66,
real_full12,pairwise_chain,12,3,4,1,,alledge_resid,1011.1604369783076,,11,
real_full12,global_band,12,3,4,3,,alledge_resid,861.3617948798819,,30,
real_full12,global_full,12,3,4,11,,alledge_resid,719.9543753842327,,66,
real_full12,pairwise_chain,12,5,0,1,,alledge_resid,1148.7799937354548,,11,
real_full12,global_band,12,5,0,3,,alledge_resid,949.8858654848391,,30,
real_full12,global_full,12,5,0,11,,alledge_resid,793.9696883589341,,66,
real_full12,pairwise_chain,12,5,1,1,,alledge_resid,1143.2107163341523,,11,
real_full12,global_band,12,5,1,3,,alledge_resid,891.3700163166598,,30,
real_full12,global_full,12,5,1,11,,alledge_resid,735.089157255625,,66,
real_full12,pairwise_chain,12,5,2,1,,alledge_resid,1199.625436165924,,11,
real_full12,global_band,12,5,2,3,,alledge_resid,927.8537789511684,,30,
real_full12,global_full,12,5,2,11,,alledge_resid,765.532034203132,,66,
real_full12,pairwise_chain,12,5,3,1,,alledge_resid,1173.9021136762415,,11,
real_full12,global_band,12,5,3,3,,alledge_resid,940.4863549696729,,30,
real_full12,global_full,12,5,3,11,,alledge_resid,741.2321547444208,,66,
real_full12,pairwise_chain,12,5,4,1,,alledge_resid,1196.6689729938491,,11,
real_full12,global_band,12,5,4,3,,alledge_resid,937.5707007974124,,30,
real_full12,global_full,12,5,4,11,,alledge_resid,749.9943979139642,,66,
robust_missing,pairwise_chain,12,3,0,1,,mean_err_kept,1514.875667184215,,9,section6_missing
robust_missing,global_band,12,3,0,3,,mean_err_kept,89.04449718813645,,24,section6_missing
robust_badedge,global_naive,12,3,0,3,,mean_err,2688.676468155943,,30,"edge(5,6)_corrupted"
robust_badedge,global_irls,12,3,0,3,,mean_err,215.7195025119769,,30,"edge(5,6)_corrupted"
robust_badedge,global_gated,12,3,0,3,,mean_err,83.50797563387047,,29,"edge(5,6)_corrupted"
robust_inconsistent,pairwise_chain,12,8,0,1,,mean_err,792.1240668414434,,11,high_noise
robust_inconsistent,global_band_irls,12,8,0,3,,mean_err,275.55413331148264,,30,high_noise
robust_missing,pairwise_chain,12,3,1,1,,mean_err_kept,1747.5987647035274,,9,section6_missing
robust_missing,global_band,12,3,1,3,,mean_err_kept,78.90422430512336,,24,section6_missing
robust_badedge,global_naive,12,3,1,3,,mean_err,3037.1203119617385,,30,"edge(5,6)_corrupted"
robust_badedge,global_irls,12,3,1,3,,mean_err,286.87731080938136,,30,"edge(5,6)_corrupted"
robust_badedge,global_gated,12,3,1,3,,mean_err,76.87306901842419,,29,"edge(5,6)_corrupted"
robust_inconsistent,pairwise_chain,12,8,1,1,,mean_err,709.7160219565591,,11,high_noise
robust_inconsistent,global_band_irls,12,8,1,3,,mean_err,348.7664837133564,,30,high_noise
robust_missing,pairwise_chain,12,3,2,1,,mean_err_kept,10577.505202527575,,9,section6_missing
robust_missing,global_band,12,3,2,3,,mean_err_kept,92.66048511585076,,24,section6_missing
robust_badedge,global_naive,12,3,2,3,,mean_err,1864.447677447374,,30,"edge(5,6)_corrupted"
robust_badedge,global_irls,12,3,2,3,,mean_err,146.01359269629862,,30,"edge(5,6)_corrupted"
robust_badedge,global_gated,12,3,2,3,,mean_err,66.1280207422743,,29,"edge(5,6)_corrupted"
robust_inconsistent,pairwise_chain,12,8,2,1,,mean_err,551.7044901647351,,11,high_noise
robust_inconsistent,global_band_irls,12,8,2,3,,mean_err,318.27366942121995,,30,high_noise
robust_missing,pairwise_chain,12,3,3,1,,mean_err_kept,4183.1278297491845,,9,section6_missing
robust_missing,global_band,12,3,3,3,,mean_err_kept,54.0027757967112,,24,section6_missing
robust_badedge,global_naive,12,3,3,3,,mean_err,4087.5916066474642,,30,"edge(5,6)_corrupted"
robust_badedge,global_irls,12,3,3,3,,mean_err,521.9960313091956,,30,"edge(5,6)_corrupted"
robust_badedge,global_gated,12,3,3,3,,mean_err,83.81528864213047,,28,"edge(5,6)_corrupted"
robust_inconsistent,pairwise_chain,12,8,3,1,,mean_err,330.50087468931923,,11,high_noise
robust_inconsistent,global_band_irls,12,8,3,3,,mean_err,338.2465068404338,,30,high_noise
robust_missing,pairwise_chain,12,3,4,1,,mean_err_kept,3071.41355257668,,9,section6_missing
robust_missing,global_band,12,3,4,3,,mean_err_kept,84.7355346133326,,24,section6_missing
robust_badedge,global_naive,12,3,4,3,,mean_err,3663.582698123077,,30,"edge(5,6)_corrupted"
robust_badedge,global_irls,12,3,4,3,,mean_err,244.3557489845274,,30,"edge(5,6)_corrupted"
robust_badedge,global_gated,12,3,4,3,,mean_err,62.070704550159,,29,"edge(5,6)_corrupted"
robust_inconsistent,pairwise_chain,12,8,4,1,,mean_err,440.098463021016,,11,high_noise
robust_inconsistent,global_band_irls,12,8,4,3,,mean_err,202.32596908647847,,30,high_noise
gate,global_band,12,3,0,3,off,mean_err,128.67606290863844,,30,frac_bad=0.0
gate,global_band_gated,12,3,0,3,on,mean_err,128.67606290863844,,30,frac_bad=0.0
gate,global_band_gated_irls,12,3,0,3,on+irls,mean_err,123.1903149248929,,30,frac_bad=0.0
gate,global_band,12,3,1,3,off,mean_err,75.79290088051532,,30,frac_bad=0.0
gate,global_band_gated,12,3,1,3,on,mean_err,75.79290088051532,,30,frac_bad=0.0
gate,global_band_gated_irls,12,3,1,3,on+irls,mean_err,75.17648990218632,,30,frac_bad=0.0
gate,global_band,12,3,2,3,off,mean_err,98.4207384747263,,30,frac_bad=0.0
gate,global_band_gated,12,3,2,3,on,mean_err,98.4207384747263,,30,frac_bad=0.0
gate,global_band_gated_irls,12,3,2,3,on+irls,mean_err,93.42407405519599,,30,frac_bad=0.0
gate,global_band,12,3,3,3,off,mean_err,111.48652682309152,,30,frac_bad=0.0
gate,global_band_gated,12,3,3,3,on,mean_err,111.48652682309152,,30,frac_bad=0.0
gate,global_band_gated_irls,12,3,3,3,on+irls,mean_err,110.18753414454369,,30,frac_bad=0.0
gate,global_band,12,3,4,3,off,mean_err,86.09198707476578,,30,frac_bad=0.0
gate,global_band_gated,12,3,4,3,on,mean_err,86.09198707476578,,30,frac_bad=0.0
gate,global_band_gated_irls,12,3,4,3,on+irls,mean_err,85.93113513371786,,30,frac_bad=0.0
gate,global_band,12,3,0,3,off,mean_err,6825.995417260663,,30,frac_bad=0.1
gate,global_band_gated,12,3,0,3,on,mean_err,170.24455021697747,,27,frac_bad=0.1
gate,global_band_gated_irls,12,3,0,3,on+irls,mean_err,158.4187330172588,,27,frac_bad=0.1
gate,global_band,12,3,1,3,off,mean_err,6672.987537865906,,30,frac_bad=0.1
gate,global_band_gated,12,3,1,3,on,mean_err,63.33698351007663,,27,frac_bad=0.1
gate,global_band_gated_irls,12,3,1,3,on+irls,mean_err,63.55120520835829,,27,frac_bad=0.1
gate,global_band,12,3,2,3,off,mean_err,4968.790786923988,,30,frac_bad=0.1
gate,global_band_gated,12,3,2,3,on,mean_err,114.95053488792767,,27,frac_bad=0.1
gate,global_band_gated_irls,12,3,2,3,on+irls,mean_err,114.61552831202101,,27,frac_bad=0.1
gate,global_band,12,3,3,3,off,mean_err,5301.379164516566,,30,frac_bad=0.1
gate,global_band_gated,12,3,3,3,on,mean_err,117.70766740047891,,27,frac_bad=0.1
gate,global_band_gated_irls,12,3,3,3,on+irls,mean_err,111.38300066638107,,27,frac_bad=0.1
gate,global_band,12,3,4,3,off,mean_err,4761.069036104874,,30,frac_bad=0.1
gate,global_band_gated,12,3,4,3,on,mean_err,49.97140197180565,,26,frac_bad=0.1
gate,global_band_gated_irls,12,3,4,3,on+irls,mean_err,50.138658822842864,,26,frac_bad=0.1
gate,global_band,12,3,0,3,off,mean_err,6798.437021306464,,30,frac_bad=0.2
gate,global_band_gated,12,3,0,3,on,mean_err,140.25687994768384,,24,frac_bad=0.2
gate,global_band_gated_irls,12,3,0,3,on+irls,mean_err,137.28032857793437,,24,frac_bad=0.2
gate,global_band,12,3,1,3,off,mean_err,6581.512938653363,,30,frac_bad=0.2
gate,global_band_gated,12,3,1,3,on,mean_err,84.41974270215916,,24,frac_bad=0.2
gate,global_band_gated_irls,12,3,1,3,on+irls,mean_err,86.30760343563571,,24,frac_bad=0.2
gate,global_band,12,3,2,3,off,mean_err,5851.267017712566,,30,frac_bad=0.2
gate,global_band_gated,12,3,2,3,on,mean_err,64.94585344202697,,24,frac_bad=0.2
gate,global_band_gated_irls,12,3,2,3,on+irls,mean_err,65.81434386394521,,24,frac_bad=0.2
gate,global_band,12,3,3,3,off,mean_err,5999.698253325553,,30,frac_bad=0.2
gate,global_band_gated,12,3,3,3,on,mean_err,91.08833183264863,,24,frac_bad=0.2
gate,global_band_gated_irls,12,3,3,3,on+irls,mean_err,90.6442570750841,,24,frac_bad=0.2
gate,global_band,12,3,4,3,off,mean_err,7619.252265743576,,30,frac_bad=0.2
gate,global_band_gated,12,3,4,3,on,mean_err,184.2983541148585,,24,frac_bad=0.2
gate,global_band_gated_irls,12,3,4,3,on+irls,mean_err,173.07704734382855,,24,frac_bad=0.2
runtime,pairwise_chain,2,,,1,,wall_s,0.00012490000517573208,,1,
runtime,global_band3,2,,,3,,wall_s,0.0005350999999791384,,1,
runtime,global_full,2,,,1,,wall_s,0.00043330001062713563,,1,
runtime,pairwise_chain,4,,,1,,wall_s,0.00039180000021588057,,3,
runtime,global_band3,4,,,3,,wall_s,0.0024387999874306843,,6,
runtime,global_full,4,,,3,,wall_s,0.0023127000022213906,,6,
runtime,pairwise_chain,8,,,1,,wall_s,0.00038080000376794487,,7,
runtime,global_band3,8,,,3,,wall_s,0.004270899997209199,,18,
runtime,global_full,8,,,7,,wall_s,0.008063800007221289,,28,
runtime,pairwise_chain,12,,,1,,wall_s,0.0012538000009953976,,11,
runtime,global_band3,12,,,3,,wall_s,0.012155299991718493,,30,
runtime,global_full,12,,,11,,wall_s,0.015695799986133352,,66,
runtime,pairwise_chain,16,,,1,,wall_s,0.001287799997953698,,15,
runtime,global_band3,16,,,3,,wall_s,0.012227100000018254,,42,
runtime,global_full,16,,,15,,wall_s,0.03155990000232123,,120,
runtime,pairwise_chain,24,,,1,,wall_s,0.0018622999923536554,,23,
runtime,global_band3,24,,,3,,wall_s,0.014541900003678165,,66,
runtime,global_full,24,,,23,,wall_s,0.07040720000804868,,276,
runtime,pairwise_chain,32,,,1,,wall_s,0.0033795999916037545,,31,
runtime,global_band3,32,,,3,,wall_s,0.025463199999649078,,90,
runtime,global_full,32,,,31,,wall_s,0.15428769998834468,,496,
