severity,reg_err_median,reg_err_mean,reg_err_p90,n
0.0,784.7558477064762,938.8198096031451,1602.8676730820853,3363
1.0,783.6638269612996,938.3718216623618,1614.7194375397714,3363
2.0,781.0716021330146,938.1543073122825,1614.0015964559534,3363
3.0,784.8543707699985,945.2340789616155,1633.3114382115498,3363
4.0,781.382247442047,950.4805760086439,1661.4112728602884,3363
6.0,820.4770836311923,995.0624460949151,1788.2915681449363,3363
8.0,869.9016032102533,1062.2129665376358,2027.1804149096529,3363
