severity,reg_err_median,reg_err_mean,reg_err_p90,n
0.0,1235.8827484866663,1364.1169529786384,2305.132101688175,3363
1.0,1232.3976309103205,1361.7787984677707,2297.8317436274233,3363
2.0,1228.122299571775,1364.9194191284473,2299.0098072190103,3363
3.0,1241.718121652239,1368.0997170710439,2297.2615540864417,3363
4.0,1247.4897853297432,1371.1336343785351,2304.701295413887,3363
6.0,1280.6393665180894,1402.0196193067525,2420.5188733969553,3363
8.0,1295.4863338073772,1449.9156755607748,2569.137548451099,3363
