severity,reg_err_median,reg_err_mean,reg_err_p90,n
0.0,1165.1256897848427,1313.5567823935944,2345.034229113656,3502
1.0,1167.9941009467009,1315.403346831943,2348.6718607830667,3502
2.0,1164.72778531948,1316.0223675849481,2347.789434103498,3502
3.0,1174.6797679096067,1324.2221704121562,2351.538652780356,3502
4.0,1179.5771244206485,1330.3093278041583,2353.885638815834,3502
6.0,1250.420474634031,1389.0624496454766,2414.1859614265504,3502
8.0,1345.752998073818,1510.655109070604,2650.983222159637,3502
