severity,reg_err_median,reg_err_mean,reg_err_p90,n
0.0,1509.07177913686,1698.4849360239114,3255.111148089231,3363
1.0,1503.770845676273,1697.4418965277282,3255.6450756968907,3363
2.0,1514.8421799118933,1699.2188724919245,3255.6505305702667,3363
3.0,1517.6201912352333,1701.439927398398,3253.6559526883966,3363
4.0,1528.244948657135,1705.4195267549292,3256.58173937938,3363
6.0,1586.215820958292,1736.96846717283,3257.3003942425285,3363
8.0,1673.8530638183718,1791.930709027562,3262.568709491666,3363
