severity,reg_err_median,reg_err_mean,reg_err_p90,n
0.0,974.2468576429457,1126.3026547507736,2103.048300403321,3502
1.0,973.4977697919863,1127.0483075578484,2102.8950866232026,3502
2.0,967.1610333679841,1121.6892108470997,2093.392451989505,3502
3.0,974.9365144585252,1128.6865081969083,2097.3796013415267,3502
4.0,978.5677997479719,1133.6504809800556,2088.3018399023777,3502
6.0,1044.0955322944924,1184.4234419027675,2175.8220083907563,3502
8.0,1096.5007363633636,1262.0649968586322,2415.9277379026244,3502
