severity,reg_err_median,reg_err_mean,reg_err_p90,n
0.0,870.3888268194722,1070.4513528856005,2137.608783939112,4182
1.0,870.4670179955885,1071.0069995237354,2132.0021353112074,4182
2.0,870.4423594573252,1074.5134336540777,2147.100712930108,4182
3.0,872.8449396237525,1080.147603352824,2152.7596498403946,4182
4.0,891.1010115339644,1085.9202793822858,2154.517688485211,4182
6.0,960.5482758816883,1139.358108442266,2196.061711831282,4182
8.0,1032.8338511757834,1226.2887651598867,2349.9863684128677,4182
