severity,reg_err_median,reg_err_mean,reg_err_p90,n
0.0,1041.2067855369207,1303.7801125532712,2666.4063573666326,4182
1.0,1043.8219523723037,1303.2738520857147,2657.652475824534,4182
2.0,1040.4123117470326,1308.5532742190387,2666.710103988958,4182
3.0,1044.176581568608,1313.6047667849057,2667.458478769307,4182
4.0,1051.4988556573737,1320.6655742651465,2668.474772846962,4182
6.0,1126.3198481294016,1373.9478941288726,2677.42718685463,4182
8.0,1203.6345375463054,1448.8121060336534,2790.6174084820823,4182
