severity,reg_err_median,reg_err_mean,reg_err_p90,n
0.0,1073.4301068793384,1311.0492176841972,2524.1153085069986,4182
1.0,1071.5566779875917,1312.1885014218249,2532.3007226246173,4182
2.0,1074.141955210796,1313.240793069368,2549.851362299658,4182
3.0,1075.8156469838584,1312.9168561462866,2544.1506162395044,4182
4.0,1084.654192787179,1321.2447258172353,2552.536357731399,4182
6.0,1112.5912121404626,1348.0301869027428,2586.479507145676,4182
8.0,1138.4535432783414,1396.389488636778,2706.3797784672042,4182
