severity,reg_err_median,reg_err_mean,reg_err_p90,n
0.0,1093.764497377174,1290.3324123835737,2516.8987380840963,3363
1.0,1092.4751876703137,1289.630788349832,2519.5918481916638,3363
2.0,1098.7462646391587,1292.5363118455464,2513.3477741254064,3363
3.0,1102.7723300678701,1298.7824236757608,2514.1226391790374,3363
4.0,1118.7855098753334,1307.9794384325262,2513.289619367051,3363
6.0,1183.2914102758598,1354.3428904530194,2525.5472066486186,3363
8.0,1244.3362263646745,1430.8443187215855,2657.189969489515,3363
