severity,reg_err_median,reg_err_mean,reg_err_p90,n
0.0,1433.0672768375953,1620.1322329395914,2779.5474802639114,3502
1.0,1437.1433148526844,1620.760649117047,2769.333985163602,3502
2.0,1431.7981721562282,1614.1939869343278,2763.507950714052,3502
3.0,1429.5546430532258,1617.524014912445,2759.4883105669605,3502
4.0,1428.7608506800166,1620.3944085533037,2762.6252376940024,3502
6.0,1494.234737039138,1647.1638875547017,2780.5582487553397,3502
8.0,1558.9806474880938,1729.2507104231815,2981.2132534231937,3502
