severity,reg_err_median,reg_err_mean,reg_err_p90,n
0.0,1409.5430023475833,1721.0924478890213,3598.4634624760265,4182
1.0,1405.9762277788504,1719.8977201251876,3588.2316721481698,4182
2.0,1412.0821368385132,1723.9801743169442,3586.581132804738,4182
3.0,1417.7976856694354,1726.905349836035,3613.598016306625,4182
4.0,1428.1402735466338,1731.4700740064895,3647.3611201654926,4182
6.0,1482.7084074206036,1763.2250120547217,3638.7744504025163,4182
8.0,1538.0132780750564,1806.9263884300276,3602.2366383160866,4182
