severity,reg_err_median,reg_err_mean,reg_err_p90,n
0.0,1321.157972343481,1504.8209493086524,2515.465700662306,3502
1.0,1327.6760192424651,1505.2371570605435,2519.280770028467,3502
2.0,1318.4720872155276,1500.8946374607874,2520.4637078358937,3502
3.0,1325.0350123202652,1501.8692880192077,2520.5606937999623,3502
4.0,1331.1442009658201,1506.8878991547956,2519.570453480073,3502
6.0,1377.384177835271,1548.9300684591103,2621.1115366566487,3502
8.0,1432.4515818900904,1628.3359526486313,2874.688600835127,3502
