severity,max_disp_px,mean_disp_px,reg_err_mean,reg_err_median,reg_err_p90,reg_err_mean_argmax,reg_err_median_argmax,reg_err_p90_argmax,n_reg_scored,paste2_acc,random_floor,n_label_scored,runtime_s
0.0,0.0,0.0,292.77858016647195,239.00209204105306,770.1608726339161,292.77858016647133,239.00209204105306,770.1608726339161,297,0.64,0.18353333333333335,300,1.8933851718902588
8.0,1912.0000000000002,1305.1751872407397,384.8497980778891,276.34941650019863,964.2837579283363,384.84979807788903,276.3494165001982,964.2837579283362,297,0.63,0.18353333333333335,300,2.4711861610412598
