severity,max_disp_px,mean_disp_px,reg_err_mean,reg_err_median,reg_err_p90,reg_err_mean_argmax,reg_err_median_argmax,reg_err_p90_argmax,n_reg_scored,paste2_acc,random_floor,n_label_scored,runtime_s
0.0,0.0,0.0,1.5282955295561047e-13,0.0,9.094947017729282e-13,0.0,0.0,0.0,297,0.9899328859060402,0.19827963080488575,298,5.501812219619751
8.0,2200.014545406462,1447.5940638158327,1.532123369210031e-13,0.0,9.094947017729282e-13,0.0,0.0,0.0,297,0.9932885906040269,0.19827963080488575,298,0.8438489437103271
