severity,max_disp_px,mean_disp_px,reg_err_mean,reg_err_median,reg_err_p90,reg_err_mean_argmax,reg_err_median_argmax,reg_err_p90_argmax,n_reg_scored,paste2_acc,random_floor,n_label_scored,runtime_s
0.0,717.0000000000001,289.1900000000001,318.65995366303355,276.0018115882575,833.2724672709342,318.65995366303326,276.0018115882575,833.2724672709346,297,0.6466666666666666,0.18353333333333335,300,1.8053908348083496
8.0,7569.585144455678,3591.384610638797,1464.6101701042587,1226.6743659178671,3103.2501491342036,1464.6101701042596,1226.6743659178665,3103.2501491342036,297,0.42333333333333334,0.18353333333333335,300,4.162920951843262
